Fuel (BTU),2024.0,2025.0,2026.0,2027.0,2028.0,2029.0,2030.0,2031.0,2032.0,2033.0,2034.0,2035.0,2036.0,2037.0,2038.0,2039.0,2040.0,2041.0,2042.0,2043.0,2044.0,2045.0,2046.0,2047.0,2048.0,2049.0,2050.0
electricity (not used in this variable),0.0,0.0,0.0,0.0,0.0,0.0,0.0,0.0,0.0,0.0,0.0,0.0,0.0,0.0,0.0,0.0,0.0,0.0,0.0,0.0,0.0,0.0,0.0,0.0,0.0,0.0,0.0
hard coal,1630430000000000.0,1630430000000000.0,1630470000000000.0,1434680000000000.0,1410320000000000.0,1375750000000000.0,1415770000000000.0,1392490000000000.0,1318440000000000.0,1261300000000000.0,1236130000000000.0,1234390000000000.0,1211510000000000.0,1258410000000000.0,1267480000000000.0,1263410000000000.0,1256820000000000.0,1218440000000000.0,1195510000000000.0,1204410000000000.0,1208730000000000.0,1197850000000000.0,1196980000000000.0,1192880000000000.0,1184540000000000.0,1181390000000000.0,1148560000000000.0
natural gas,3227660000000000.0,3227660000000000.0,3237690000000000.0,3232380000000000.0,3395140000000000.0,3562180000000000.0,3773930000000000.0,3959450000000000.0,4174040000000000.0,4352330000000000.0,4514830000000000.0,4644340000000000.0,4780130000000000.0,4885610000000000.0,4970680000000000.0,5048250000000000.0,5133410000000000.0,5204220000000000.0,5299350000000000.0,5384160000000000.0,5418340000000000.0,5487550000000000.0,5626510000000000.0,5713180000000000.0,5784000000000000.0,5801210000000000.0,5817610000000000.0
nuclear,0.0,0.0,0.0,0.0,0.0,0.0,0.0,0.0,0.0,0.0,0.0,0.0,0.0,0.0,0.0,0.0,0.0,0.0,0.0,0.0,0.0,0.0,0.0,0.0,0.0,0.0,0.0
hydro (is not a fuel),0.0,0.0,0.0,0.0,0.0,0.0,0.0,0.0,0.0,0.0,0.0,0.0,0.0,0.0,0.0,0.0,0.0,0.0,0.0,0.0,0.0,0.0,0.0,0.0,0.0,0.0,0.0
wind (is not a fuel),0.0,0.0,0.0,0.0,0.0,0.0,0.0,0.0,0.0,0.0,0.0,0.0,0.0,0.0,0.0,0.0,0.0,0.0,0.0,0.0,0.0,0.0,0.0,0.0,0.0,0.0,0.0
solar (is not a fuel),0.0,0.0,0.0,0.0,0.0,0.0,0.0,0.0,0.0,0.0,0.0,0.0,0.0,0.0,0.0,0.0,0.0,0.0,0.0,0.0,0.0,0.0,0.0,0.0,0.0,0.0,0.0
biomass,3930880000000.0,3930880000000.0,3930880000000.0,3930880000000.0,3930880000000.0,3930880000000.0,3930880000000.0,3930880000000.0,3930880000000.0,3930880000000.0,3930880000000.0,3930880000000.0,3930880000000.0,3930880000000.0,3930880000000.0,3930880000000.0,3930880000000.0,3930880000000.0,3930880000000.0,3930880000000.0,3930880000000.0,3930880000000.0,3930880000000.0,3930880000000.0,3930880000000.0,3930880000000.0,3930880000000.0
petroleum gasoline,21642200000000.0,21642200000000.0,21117600000000.0,21256300000000.0,21435800000000.0,21615700000000.0,21739200000000.0,21711200000000.0,21903800000000.0,21839600000000.0,21741400000000.0,21787500000000.0,21717300000000.0,21730600000000.0,21852400000000.0,21716500000000.0,21899900000000.0,21968700000000.0,22040100000000.0,22043300000000.0,22015400000000.0,21976800000000.0,21811600000000.0,21900000000000.0,21854400000000.0,21923300000000.0,21817600000000.0
petroleum diesel,12801700000000.0,12801700000000.0,12491400000000.0,12573400000000.0,12679600000000.0,12786000000000.0,12859100000000.0,12842500000000.0,12956400000000.0,12918500000000.0,12860400000000.0,12887600000000.0,12846100000000.0,12854000000000.0,12926000000000.0,12845600000000.0,12954200000000.0,12994800000000.0,13037000000000.0,13039000000000.0,13022500000000.0,12999600000000.0,12901900000000.0,12954200000000.0,12927200000000.0,12968000000000.0,12905500000000.0
biofuel gasoline,0.0,0.0,0.0,0.0,0.0,0.0,0.0,0.0,0.0,0.0,0.0,0.0,0.0,0.0,0.0,0.0,0.0,0.0,0.0,0.0,0.0,0.0,0.0,0.0,0.0,0.0,0.0
biofuel diesel,0.0,0.0,0.0,0.0,0.0,0.0,0.0,0.0,0.0,0.0,0.0,0.0,0.0,0.0,0.0,0.0,0.0,0.0,0.0,0.0,0.0,0.0,0.0,0.0,0.0,0.0,0.0
jet fuel or kerosene,4557130000000.0,4557130000000.0,4446680000000.0,4475880000000.0,4513680000000.0,4551560000000.0,4577560000000.0,4571680000000.0,4612220000000.0,4598710000000.0,4578030000000.0,4587740000000.0,4572960000000.0,4575750000000.0,4601400000000.0,4572780000000.0,4611420000000.0,4625890000000.0,4640920000000.0,4641600000000.0,4635730000000.0,4627590000000.0,4592810000000.0,4611420000000.0,4601830000000.0,4616330000000.0,4594090000000.0
heat (not used in this variable),0.0,0.0,0.0,0.0,0.0,0.0,0.0,0.0,0.0,0.0,0.0,0.0,0.0,0.0,0.0,0.0,0.0,0.0,0.0,0.0,0.0,0.0,0.0,0.0,0.0,0.0,0.0
geothermal (is not a fuel),0.0,0.0,0.0,0.0,0.0,0.0,0.0,0.0,0.0,0.0,0.0,0.0,0.0,0.0,0.0,0.0,0.0,0.0,0.0,0.0,0.0,0.0,0.0,0.0,0.0,0.0,0.0
lignite,0.0,0.0,0.0,0.0,0.0,0.0,0.0,0.0,0.0,0.0,0.0,0.0,0.0,0.0,0.0,0.0,0.0,0.0,0.0,0.0,0.0,0.0,0.0,0.0,0.0,0.0,0.0
crude oil,79175800000000.0,79175800000000.0,71947600000000.0,84537700000000.0,85452000000000.0,87090800000000.0,104994000000000.0,132558000000000.0,140019000000000.0,142098000000000.0,141538000000000.0,144248000000000.0,148416000000000.0,154392000000000.0,161925000000000.0,167632000000000.0,173339000000000.0,179878000000000.0,180416000000000.0,181353000000000.0,181761000000000.0,181101000000000.0,183665000000000.0,188473000000000.0,197128000000000.0,203232000000000.0,208158000000000.0
heavy fuel oil,885238000000.0,885238000000.0,863782000000.0,869455000000.0,876797000000.0,884156000000.0,889207000000.0,888064000000.0,895939000000.0,893314000000.0,889297000000.0,891183000000.0,888313000000.0,888855000000.0,893837000000.0,888278000000.0,895783000000.0,898594000000.0,901515000000.0,901647000000.0,900507000000.0,898926000000.0,892169000000.0,895785000000.0,893922000000.0,896738000000.0,892417000000.0
LPG propane or butane,394580000000000.0,394580000000000.0,402959000000000.0,446118000000000.0,441865000000000.0,443037000000000.0,445372000000000.0,467086000000000.0,487775000000000.0,507401000000000.0,521368000000000.0,532012000000000.0,537789000000000.0,546873000000000.0,556546000000000.0,564907000000000.0,578832000000000.0,591157000000000.0,597950000000000.0,600986000000000.0,598456000000000.0,592210000000000.0,587007000000000.0,588157000000000.0,591865000000000.0,593992000000000.0,592670000000000.0
municipal solid waste,0.0,0.0,0.0,0.0,0.0,0.0,0.0,0.0,0.0,0.0,0.0,0.0,0.0,0.0,0.0,0.0,0.0,0.0,0.0,0.0,0.0,0.0,0.0,0.0,0.0,0.0,0.0
hydrogen,355875000000.0,355875000000.0,337972000000.0,337317000000.0,337750000000.0,341081000000.0,340339000000.0,336446000000.0,335568000000.0,337196000000.0,344132000000.0,347421000000.0,348344000000.0,354579000000.0,357813000000.0,360459000000.0,360896000000.0,363115000000.0,364732000000.0,368120000000.0,375500000000.0,380488000000.0,383133000000.0,386975000000.0,389491000000.0,391439000000.0,393696000000.0
