Pollutant:,PM10,Unit: grams,,,,,,,,,,,,,,,,,,,,,,,,,,,,,,,,,,
,2015.0,2016.0,2017.0,2018.0,2019.0,2020.0,2021.0,2022.0,2023.0,2024.0,2025.0,2026.0,2027.0,2028.0,2029.0,2030.0,2031.0,2032.0,2033.0,2034.0,2035.0,2036.0,2037.0,2038.0,2039.0,2040.0,2041.0,2042.0,2043.0,2044.0,2045.0,2046.0,2047.0,2048.0,2049.0,2050.0
agriculture and forestry 01T03,0.0,0.0,0.0,0.0,0.0,65728.42105263157,66181.05263157895,66632.98245614035,70464.46194225721,71949.94734245157,72708.88094128184,73302.59882306066,73879.84826807173,74399.85938550053,74976.85479794069,75536.42466554457,75402.68220841276,75449.35552529934,75128.58397734138,74989.4636518844,74829.42928072168,74768.01835204319,74682.80367327845,74685.73097109297,74685.09441504687,74682.86008496028,74653.48187728958,74761.3109721043,74838.07581126208,74948.26008726009,75148.2719696689,75788.07699106156,76437.41283755547,77105.59867246225,77684.07311129352,78278.10341760052
coal mining 05,0.0,0.0,0.0,0.0,0.0,78849205200.0,80273428200.0,81160100463.57616,91005894636.09592,81341140079.21933,85176310729.21977,97538369345.81693,102386460351.864,111199208507.92079,121159017007.51207,125282865662.17264,126218202275.35399,122742192776.05325,122453612476.06784,123494575421.68123,120990855432.8232,120532232862.41475,121980840748.39214,123043960379.48091,126294993135.8005,123596584516.52132,121016530973.50925,118499069838.4411,118541635719.70526,121180571756.22852,121854063839.96082,122685058974.3153,124762658494.34525,125802217490.65689,126146620518.19582,125622444963.6943
oil and gas extraction 06,0.0,0.0,0.0,0.0,0.0,672018916.51865,684180346.3587922,648268573.7908227,650354679.2763158,703746093.8445543,715907899.7555268,691072471.0071036,704776368.4596702,726909471.4096969,742577823.7726965,762789405.0956439,777233884.7975295,789056876.1032065,794652676.9912581,796870944.8125117,802510857.0089116,801447639.6716826,803317555.6075399,806344755.4277654,807120922.8182454,820449334.9553387,823474604.2870222,830734218.1564463,832722303.1834171,836306810.2710066,842416453.5731771,849239456.2757907,852285943.0819083,848835979.6777254,852718487.9914967,860390061.5915326
other mining and quarrying 07T08,0.0,0.0,0.0,0.0,0.0,0.0,0.0,0.0,0.0,0.0,0.0,0.0,0.0,0.0,0.0,0.0,0.0,0.0,0.0,0.0,0.0,0.0,0.0,0.0,0.0,0.0,0.0,0.0,0.0,0.0,0.0,0.0,0.0,0.0,0.0,0.0
food beverage and tobacco 10T12,0.0,0.0,0.0,0.0,0.0,0.0,0.0,0.0,0.0,0.0,0.0,0.0,0.0,0.0,0.0,0.0,0.0,0.0,0.0,0.0,0.0,0.0,0.0,0.0,0.0,0.0,0.0,0.0,0.0,0.0,0.0,0.0,0.0,0.0,0.0,0.0
textiles apparel and leather 13T15,0.0,0.0,0.0,0.0,0.0,0.0,0.0,0.0,0.0,0.0,0.0,0.0,0.0,0.0,0.0,0.0,0.0,0.0,0.0,0.0,0.0,0.0,0.0,0.0,0.0,0.0,0.0,0.0,0.0,0.0,0.0,0.0,0.0,0.0,0.0,0.0
wood products 16,0.0,0.0,0.0,0.0,0.0,0.0,0.0,0.0,0.0,0.0,0.0,0.0,0.0,0.0,0.0,0.0,0.0,0.0,0.0,0.0,0.0,0.0,0.0,0.0,0.0,0.0,0.0,0.0,0.0,0.0,0.0,0.0,0.0,0.0,0.0,0.0
pulp paper and printing 17T18,0.0,0.0,0.0,0.0,0.0,33672324.84977023,34157145.281018026,36188986.42318958,37500776.69862527,37123062.43408296,37091334.98573174,37234386.62180036,37205419.733248524,37360781.32131341,37615835.87649458,37808907.148239136,38186519.862464175,38550984.316679694,38771077.11830505,39051089.76552436,39321584.26840747,39399425.299943656,39550073.487636626,39930993.816200815,39951872.85394989,40317079.90358906,40826684.50299475,41216372.11360039,41507899.370683275,41666203.51480605,41797872.01646377,41943159.847170494,41936215.7632194,41996479.057256304,42111940.33323075,42251202.70876539
refined petroleum and coke 19,0.0,0.0,0.0,0.0,0.0,42217735.48459134,42339242.85395266,42470234.42037079,39285082.09467185,51401450.887899205,54018350.705493756,57077794.496356785,59432951.081830055,59046123.26755951,57802284.920699105,57476458.227281444,56665429.25871917,58110270.80682567,58439431.88838063,58342378.22864096,59370997.94794146,59473619.42320671,60158875.52872181,59497473.8358107,59543900.25220414,59649369.77113905,59051956.71890563,59588851.66457104,59344676.55465949,59735732.510438696,59922348.487571,64324328.2943534,64294391.0848744,61552999.84135096,59880767.091619864,60487918.204007775
chemicals 20,0.0,0.0,0.0,0.0,0.0,236387558.51638457,222901890.7710559,211104381.83136988,229537109.09273747,249836672.6020429,228556487.4741181,213580734.48161024,219701266.8936421,226761534.1727298,234010606.7409071,240843979.7321881,245773449.78536558,250690828.83030924,257022653.41571355,262062265.0872998,266593484.85058835,272621732.843358,278416856.07471275,283210736.9633121,286405787.69976896,290420741.52338105,294810121.6151717,303279579.0653176,311500050.8651883,317813145.62621707,324810613.2861092,328240177.2397124,329349659.3910709,330515531.1003305,335170124.1582527,341117612.4279054
rubber and plastic products 22,0.0,0.0,0.0,0.0,0.0,0.0,0.0,0.0,0.0,0.0,0.0,0.0,0.0,0.0,0.0,0.0,0.0,0.0,0.0,0.0,0.0,0.0,0.0,0.0,0.0,0.0,0.0,0.0,0.0,0.0,0.0,0.0,0.0,0.0,0.0,0.0
glass and glass products 231,0.0,0.0,0.0,0.0,0.0,0.0,0.0,0.0,0.0,0.0,0.0,0.0,0.0,0.0,0.0,0.0,0.0,0.0,0.0,0.0,0.0,0.0,0.0,0.0,0.0,0.0,0.0,0.0,0.0,0.0,0.0,0.0,0.0,0.0,0.0,0.0
cement and other nonmetallic minerals 239,0.0,0.0,0.0,0.0,0.0,83517975.66011083,87397850.80951864,83336201.5873016,86872846.59427443,98838075.63385123,89952584.69694078,83276146.14351958,79140672.86025403,75766958.5633261,74750796.86174536,73595650.69920468,72566995.61456144,71640889.67682812,59435121.063204944,57163458.92958983,54637648.34022284,52227277.34122535,50729166.03888783,49459439.975610465,47407043.776897654,46085436.839419834,44650247.473261856,43411363.70660444,42482777.05186264,41794828.527534805,40715686.655647576,40023032.65762249,39402222.97438383,38740964.50038677,38272324.71968531,37924190.44866192
iron and steel 241,0.0,0.0,0.0,0.0,0.0,128827533.31393658,130314402.67675298,153715972.85374957,149628803.07994756,145051369.33545792,135360023.7171631,121778151.54566386,116706394.84292138,118327347.62050231,118710224.39194721,117339338.03536919,114807067.48530787,110542056.429659,110546907.44403471,112426013.62225842,112942680.63889071,114127433.10894516,115385352.27204123,116470597.11241329,117864606.92346925,118866455.37303828,119213270.63744338,120401766.02713084,122616005.03997715,123901809.04685459,124289015.69727468,123921293.06176758,122466920.670557,120788520.02463949,120859487.36690508,121987752.37993084
other metals 242,0.0,0.0,0.0,0.0,0.0,29619185.645933013,30522578.841042,30948823.769633505,33618039.031180404,34741272.29960179,34355498.54744904,34202897.168634035,34949709.82149933,36218878.291927405,37260899.22488489,38140287.539140455,38644130.44962908,38723922.627492175,38702860.899797924,38798735.1105468,39035529.83569535,39403707.34916919,39801384.346212514,40111636.668006584,40340910.233676426,40741118.50118399,41046429.2238389,41284736.94818775,41675903.58692037,42086778.94059525,42293483.084021814,42359990.56314037,42413730.253912516,42515369.24699892,42623199.813440025,42613606.366646335
metal products except machinery and vehicles 25,0.0,0.0,0.0,0.0,0.0,0.0,0.0,0.0,0.0,0.0,0.0,0.0,0.0,0.0,0.0,0.0,0.0,0.0,0.0,0.0,0.0,0.0,0.0,0.0,0.0,0.0,0.0,0.0,0.0,0.0,0.0,0.0,0.0,0.0,0.0,0.0
computers and electronics 26,0.0,0.0,0.0,0.0,0.0,0.0,0.0,0.0,0.0,0.0,0.0,0.0,0.0,0.0,0.0,0.0,0.0,0.0,0.0,0.0,0.0,0.0,0.0,0.0,0.0,0.0,0.0,0.0,0.0,0.0,0.0,0.0,0.0,0.0,0.0,0.0
appliances and electrical equipment 27,0.0,0.0,0.0,0.0,0.0,0.0,0.0,0.0,0.0,0.0,0.0,0.0,0.0,0.0,0.0,0.0,0.0,0.0,0.0,0.0,0.0,0.0,0.0,0.0,0.0,0.0,0.0,0.0,0.0,0.0,0.0,0.0,0.0,0.0,0.0,0.0
other machinery 28,0.0,0.0,0.0,0.0,0.0,0.0,0.0,0.0,0.0,0.0,0.0,0.0,0.0,0.0,0.0,0.0,0.0,0.0,0.0,0.0,0.0,0.0,0.0,0.0,0.0,0.0,0.0,0.0,0.0,0.0,0.0,0.0,0.0,0.0,0.0,0.0
road vehicles 29,0.0,0.0,0.0,0.0,0.0,0.0,0.0,0.0,0.0,0.0,0.0,0.0,0.0,0.0,0.0,0.0,0.0,0.0,0.0,0.0,0.0,0.0,0.0,0.0,0.0,0.0,0.0,0.0,0.0,0.0,0.0,0.0,0.0,0.0,0.0,0.0
nonroad vehicles 30,0.0,0.0,0.0,0.0,0.0,0.0,0.0,0.0,0.0,0.0,0.0,0.0,0.0,0.0,0.0,0.0,0.0,0.0,0.0,0.0,0.0,0.0,0.0,0.0,0.0,0.0,0.0,0.0,0.0,0.0,0.0,0.0,0.0,0.0,0.0,0.0
other manufacturing 31T33,0.0,0.0,0.0,0.0,0.0,21082284.867674857,21258814.281663515,23114638.632973272,25131733.386250265,24722218.976071957,24053315.21937747,23712967.380874317,23664319.69573658,23749274.51884874,24105013.49252126,24540964.02332712,24965144.525636043,25682474.903571118,26296196.043329548,26931675.86442373,27473767.663170785,27799321.076594207,28217097.69561013,28829506.861622743,29205518.999316283,29770069.982344512,30320243.582285453,30786941.270675797,31155506.17256279,31519035.051516283,31938923.49202499,32666478.336944252,33120197.22893022,33513286.167921934,33947395.47446719,34392037.10892189
energy pipelines and gas processing 352T353,0.0,0.0,0.0,0.0,0.0,1574725292.6596758,1568722571.9733078,1809933450.3698795,1979135694.7496946,2272891594.4514346,2314956867.7687745,2328178787.727261,2480683926.395425,2672284919.192791,2702274591.0244846,2745547535.043257,2713754945.9291825,2657355626.0320954,2562082497.4160867,2498213386.0066996,2472183732.2950907,2469670149.0591826,2471776598.6000404,2441266215.8106704,2452435584.1636987,2440584406.3513985,2415502000.487468,2413231893.5079207,2426949891.3705697,2438692017.637578,2451945579.2610235,2460226077.239379,2443902366.263614,2433737340.9387865,2445771882.1328926,2473039148.796818
water and waste 36T39,0.0,0.0,0.0,0.0,0.0,0.0,0.0,0.0,0.0,0.0,0.0,0.0,0.0,0.0,0.0,0.0,0.0,0.0,0.0,0.0,0.0,0.0,0.0,0.0,0.0,0.0,0.0,0.0,0.0,0.0,0.0,0.0,0.0,0.0,0.0,0.0
construction 41T43,0.0,0.0,0.0,0.0,0.0,0.0,0.0,0.0,0.0,0.0,0.0,0.0,0.0,0.0,0.0,0.0,0.0,0.0,0.0,0.0,0.0,0.0,0.0,0.0,0.0,0.0,0.0,0.0,0.0,0.0,0.0,0.0,0.0,0.0,0.0,0.0
