Pollutant:,VOC,Unit: grams of VOC,,,,,,,,,,,,,,,,,,,,,,,,,,,,,,,,,,
,2015.0,2016.0,2017.0,2018.0,2019.0,2020.0,2021.0,2022.0,2023.0,2024.0,2025.0,2026.0,2027.0,2028.0,2029.0,2030.0,2031.0,2032.0,2033.0,2034.0,2035.0,2036.0,2037.0,2038.0,2039.0,2040.0,2041.0,2042.0,2043.0,2044.0,2045.0,2046.0,2047.0,2048.0,2049.0,2050.0
agriculture and forestry 01T03,0.0,0.0,0.0,0.0,0.0,168833621.7293233,169996275.98997495,171157127.68588138,180998875.71303585,184814574.8599851,186764013.26258996,188289069.52684915,189771824.06258368,191107553.0956106,192589655.1093722,194026996.9144114,193683458.71503088,193803346.3527055,192979394.98855972,192622042.90209696,192210969.85254133,192053226.37815836,191834339.28776515,191841858.50523588,191840223.4125169,191834484.1899003,191759021.71687075,192035997.43473837,192233179.80438793,192516205.1696172,193029966.64380413,194673404.85869497,196341324.47286707,198057663.1995376,199543564.32148173,201069423.096493
coal mining 05,0.0,0.0,0.0,0.0,0.0,229131485.71428573,233270200.0,235846821.19205296,264458161.54816994,236372912.4316571,247517708.96795017,283441176.4286974,297529464.2215291,323138829.2506534,352081489.01688176,364065168.0749838,366783205.21026754,356682111.370304,355843512.77294576,358868494.2638425,351592820.6612429,350260088.5091146,354469663.9422406,357559031.5515339,367006355.25849915,359164927.1244882,351667432.3807775,344351827.7574587,344475521.88462275,352144125.9399181,354101257.1674424,356516083.6615463,362553474.4448303,365574376.1357016,366575192.5318127,365051966.9866294
oil and gas extraction 06,0.0,0.0,0.0,0.0,0.0,141985973401.42096,144555473174.9556,136967936783.79497,137408694790.29605,148689377197.3065,151258956428.10287,146011659902.65048,148907056403.20718,153583398228.57327,156893850073.26508,161164207614.66772,164216076334.93222,166714069899.9787,167896365839.15637,168365047461.24127,169556663356.89624,169332023923.61087,169727104817.6234,170366699779.29797,170530690523.83038,173346753471.856,173985940554.69254,175519771398.48553,175939819377.524,176697163725.2579,177988025678.7995,179429608134.94495,180073278103.1387,179344360508.55695,180164667360.96777,181785538170.32614
other mining and quarrying 07T08,0.0,0.0,0.0,0.0,0.0,0.0,0.0,0.0,0.0,0.0,0.0,0.0,0.0,0.0,0.0,0.0,0.0,0.0,0.0,0.0,0.0,0.0,0.0,0.0,0.0,0.0,0.0,0.0,0.0,0.0,0.0,0.0,0.0,0.0,0.0,0.0
food beverage and tobacco 10T12,0.0,0.0,0.0,0.0,0.0,0.0,0.0,0.0,0.0,0.0,0.0,0.0,0.0,0.0,0.0,0.0,0.0,0.0,0.0,0.0,0.0,0.0,0.0,0.0,0.0,0.0,0.0,0.0,0.0,0.0,0.0,0.0,0.0,0.0,0.0,0.0
textiles apparel and leather 13T15,0.0,0.0,0.0,0.0,0.0,0.0,0.0,0.0,0.0,0.0,0.0,0.0,0.0,0.0,0.0,0.0,0.0,0.0,0.0,0.0,0.0,0.0,0.0,0.0,0.0,0.0,0.0,0.0,0.0,0.0,0.0,0.0,0.0,0.0,0.0,0.0
wood products 16,0.0,0.0,0.0,0.0,0.0,0.0,0.0,0.0,0.0,0.0,0.0,0.0,0.0,0.0,0.0,0.0,0.0,0.0,0.0,0.0,0.0,0.0,0.0,0.0,0.0,0.0,0.0,0.0,0.0,0.0,0.0,0.0,0.0,0.0,0.0,0.0
pulp paper and printing 17T18,0.0,0.0,0.0,0.0,0.0,114639700.70696358,116290304.55991517,123207844.74942875,127673923.20516916,126387969.5196702,126279951.28215891,126766980.224108,126668360.49859722,127197299.50226198,128065649.93545519,128722974.1002302,130008582.05082582,131249425.86354162,131998746.64904295,132952068.5896753,133872985.36604133,134138000.4072612,134650892.32150286,135947761.26817125,136018845.36020482,137262217.3891187,138997200.61393034,140323918.36354685,141316442.56996888,141855399.7041696,142303673.99737385,142798316.21477032,142774674.61267155,142979845.06118762,143372940.76158878,143847068.910514
refined petroleum and coke 19,0.0,0.0,0.0,0.0,0.0,389330992.96560967,390451531.1523002,391659532.3877597,362286130.34530073,474023006.7849773,498155997.1687809,526370117.97243977,548089318.2442417,544522000.9708737,533051352.1283129,530046585.7990223,522567295.16370445,535891590.9400043,538927106.9205853,538032080.2858386,547517987.85768,548464360.7601109,554783776.9233325,548684345.6086375,549112488.9608763,550085126.4570185,544575796.9260318,549527029.8596506,547275252.5696529,550881561.667501,552602529.9488692,593197487.246251,592921406.9837905,567640359.5117447,552219067.2645557,557818200.9640039
chemicals 20,0.0,0.0,0.0,0.0,0.0,4289691141.5196257,4311296752.766254,4091494667.2995625,4447855413.10388,4818896029.880614,4429975652.317449,4154178518.3884783,4262973849.5618067,4389857107.011112,4521521435.227474,4647391472.289243,4738193423.003283,4829779981.783053,4943966341.457785,5034130173.049307,5116179181.322815,5224553852.924322,5329166955.976156,5416373850.926958,5472980001.282968,5546065344.48628,5626869861.744216,5782672745.669023,5931862570.955514,6046435194.939269,6172647109.429669,6235857892.934235,6254233024.964853,6274779160.303021,6360279923.046788,6469110545.143698
rubber and plastic products 22,0.0,0.0,0.0,0.0,0.0,0.0,0.0,0.0,0.0,0.0,0.0,0.0,0.0,0.0,0.0,0.0,0.0,0.0,0.0,0.0,0.0,0.0,0.0,0.0,0.0,0.0,0.0,0.0,0.0,0.0,0.0,0.0,0.0,0.0,0.0,0.0
glass and glass products 231,0.0,0.0,0.0,0.0,0.0,0.0,0.0,0.0,0.0,0.0,0.0,0.0,0.0,0.0,0.0,0.0,0.0,0.0,0.0,0.0,0.0,0.0,0.0,0.0,0.0,0.0,0.0,0.0,0.0,0.0,0.0,0.0,0.0,0.0,0.0,0.0
cement and other nonmetallic minerals 239,0.0,0.0,0.0,0.0,0.0,41778033.250027165,43718855.59056829,41687104.76190476,43456233.76110563,49441576.82897385,44996805.115207806,41657063.34498416,39588383.65097446,37900757.16147772,37392444.585406505,36814608.08487079,36300045.96828013,35836781.81042829,29731114.10294773,28594765.006829396,27331283.726879686,26125548.566932388,25376151.286806613,24740998.707128327,23714332.579814535,23053227.732133392,22335305.768801246,21715581.370703164,21251076.28864497,20906945.146857694,20367128.12364967,20020643.17197863,19710096.761061836,19379316.730832897,19144889.971974295,18970743.448003467
iron and steel 241,0.0,0.0,0.0,0.0,0.0,53603247.017748035,54221911.55077102,63958961.65592128,62258350.2621232,60353747.221130945,56321320.45839924,50670102.66167075,48559819.08829417,49234273.76351519,49393583.17221982,48823177.46689717,47769536.83341605,45994928.29075104,45996946.7266799,46778815.24541064,46993792.81275234,47486750.93803491,48010152.65111036,48461707.11122287,49041734.14678758,49458588.59191407,49602893.33647619,50097408.835718304,51018721.21133212,51553725.398900494,51714836.406737685,51561832.41172157,50956689.39193033,50258331.50131832,50287859.971512526,50757314.4944624
other metals 242,0.0,0.0,0.0,0.0,0.0,25394062.200956937,26168587.985114302,26534029.842931934,28822486.358574614,29785492.42583944,29454748.604089275,29323915.53690425,29964196.710938722,31052320.586686447,31945699.111759264,32699644.268049106,33131614.895513542,33200024.863026734,33181967.55282509,33264165.480220143,33467181.86463944,33782839.51944172,34123788.60965393,34389783.99696168,34586352.10174531,34929471.38125255,35191230.07963129,35395543.6366421,35730911.05942197,36083175.78448177,36260393.95442461,36317414.26152403,36363488.08227123,36450628.45619412,36543077.186692744,36534852.22779237
metal products except machinery and vehicles 25,0.0,0.0,0.0,0.0,0.0,0.0,0.0,0.0,0.0,0.0,0.0,0.0,0.0,0.0,0.0,0.0,0.0,0.0,0.0,0.0,0.0,0.0,0.0,0.0,0.0,0.0,0.0,0.0,0.0,0.0,0.0,0.0,0.0,0.0,0.0,0.0
computers and electronics 26,0.0,0.0,0.0,0.0,0.0,0.0,0.0,0.0,0.0,0.0,0.0,0.0,0.0,0.0,0.0,0.0,0.0,0.0,0.0,0.0,0.0,0.0,0.0,0.0,0.0,0.0,0.0,0.0,0.0,0.0,0.0,0.0,0.0,0.0,0.0,0.0
appliances and electrical equipment 27,0.0,0.0,0.0,0.0,0.0,0.0,0.0,0.0,0.0,0.0,0.0,0.0,0.0,0.0,0.0,0.0,0.0,0.0,0.0,0.0,0.0,0.0,0.0,0.0,0.0,0.0,0.0,0.0,0.0,0.0,0.0,0.0,0.0,0.0,0.0,0.0
other machinery 28,0.0,0.0,0.0,0.0,0.0,0.0,0.0,0.0,0.0,0.0,0.0,0.0,0.0,0.0,0.0,0.0,0.0,0.0,0.0,0.0,0.0,0.0,0.0,0.0,0.0,0.0,0.0,0.0,0.0,0.0,0.0,0.0,0.0,0.0,0.0,0.0
road vehicles 29,0.0,0.0,0.0,0.0,0.0,0.0,0.0,0.0,0.0,0.0,0.0,0.0,0.0,0.0,0.0,0.0,0.0,0.0,0.0,0.0,0.0,0.0,0.0,0.0,0.0,0.0,0.0,0.0,0.0,0.0,0.0,0.0,0.0,0.0,0.0,0.0
nonroad vehicles 30,0.0,0.0,0.0,0.0,0.0,0.0,0.0,0.0,0.0,0.0,0.0,0.0,0.0,0.0,0.0,0.0,0.0,0.0,0.0,0.0,0.0,0.0,0.0,0.0,0.0,0.0,0.0,0.0,0.0,0.0,0.0,0.0,0.0,0.0,0.0,0.0
other manufacturing 31T33,0.0,0.0,0.0,0.0,0.0,34483060.652173914,34771799.49275362,37807262.87196816,41106506.818011254,40436688.042069666,39342601.278830364,38785914.21992739,38706344.045834705,38845299.68259129,39427161.1213531,40140219.91405425,40834027.15935028,42007322.51539157,43011150.29870077,44050567.48481531,44937235.34328365,45469724.02613106,46153056.81396729,47154738.67853311,47769759.74628847,48693162.77927074,49593049.56739951,50356399.6879393,50959239.74753445,51553842.678879514,52240629.64965082,53430648.568501554,54172770.030648135,54815722.62378634,55525769.83362294,56253044.15638354
energy pipelines and gas processing 352T353,0.0,0.0,0.0,0.0,0.0,8187550489.990466,8156340234.509056,9410480404.107319,10290222366.300365,11817562577.16238,12036274723.824646,12105020134.684141,12897947973.367456,13894148904.26834,14050075752.871576,14275067004.142982,14109766154.659986,13816526259.796417,13321167764.877327,12989089797.467546,12853752475.4634,12840683472.412064,12851635644.229443,12693001436.26864,12751074909.628094,12689456469.157001,12559044221.777328,12547241137.392164,12618565831.702698,12679617274.845898,12748527201.847122,12791580422.36506,12706707709.377548,12653856168.561504,12716427979.727499,12858200086.631207
water and waste 36T39,0.0,0.0,0.0,0.0,0.0,0.0,0.0,0.0,0.0,0.0,0.0,0.0,0.0,0.0,0.0,0.0,0.0,0.0,0.0,0.0,0.0,0.0,0.0,0.0,0.0,0.0,0.0,0.0,0.0,0.0,0.0,0.0,0.0,0.0,0.0,0.0
construction 41T43,0.0,0.0,0.0,0.0,0.0,0.0,0.0,0.0,0.0,0.0,0.0,0.0,0.0,0.0,0.0,0.0,0.0,0.0,0.0,0.0,0.0,0.0,0.0,0.0,0.0,0.0,0.0,0.0,0.0,0.0,0.0,0.0,0.0,0.0,0.0,0.0
