Pollutant:,OC,Unit: grams,,,,,,,,,,,,,,,,,,,,,,,,,,,,,,,,,,
,2015.0,2016.0,2017.0,2018.0,2019.0,2020.0,2021.0,2022.0,2023.0,2024.0,2025.0,2026.0,2027.0,2028.0,2029.0,2030.0,2031.0,2032.0,2033.0,2034.0,2035.0,2036.0,2037.0,2038.0,2039.0,2040.0,2041.0,2042.0,2043.0,2044.0,2045.0,2046.0,2047.0,2048.0,2049.0,2050.0
agriculture and forestry 01T03,0.0,0.0,0.0,0.0,0.0,9389.774436090225,9454.436090225565,9518.997493734336,10066.351706036745,10278.563906064514,10386.982991611694,10471.799831865814,10554.264038295965,10628.551340785787,10710.979256848668,10790.917809363507,10771.811744058969,10778.479360757045,10732.65485390591,10712.78052169777,10689.918468674528,10681.14547886331,10668.97195332549,10669.390138727567,10669.299202149554,10668.980012137186,10664.783125327085,10680.187281729184,10691.153687323154,10706.894298180016,10735.467424238417,10826.86814158022,10919.630405365066,11015.085524637467,11097.724730184784,11182.586202514356
coal mining 05,0.0,0.0,0.0,0.0,0.0,68120171.42857143,69350600.0,70116622.5165563,78622696.67648296,70273028.02022238,73586345.90939058,84266295.6950182,88454705.57937352,96068300.58803213,104672875.11312698,108235590.508779,109043655.60305253,106040627.70468494,105791314.60817307,106690633.42979103,104527595.33172084,104131377.6648719,105382873.06390938,106301333.70451006,109109997.50928353,106778762.11809109,104549777.19428518,102374867.71167688,102411641.64137433,104691496.90105674,105273346.72545585,105991268.11559485,107786168.07819277,108684273.98628967,108981813.99594429,108528963.15818714
oil and gas extraction 06,0.0,0.0,0.0,0.0,0.0,232682238.0106572,236893055.06216696,224458834.22902027,225181134.86842105,243667569.59060162,247878516.85422346,239279409.0001263,244024295.56559741,251687740.4507676,257112806.92456403,264110937.27529988,269112245.692845,273205880.5732988,275143390.72679126,275911451.7269638,277864235.1379433,277496102.9567841,278143549.35174733,279191697.86626303,279460440.8451414,284075318.02933335,285122798.1245778,287636392.8474489,288324754.5320091,289565867.1120331,291681291.9044785,294043712.81224304,295098539.3218741,293904011.62896514,295248305.2215075,297904538.3578709
other mining and quarrying 07T08,0.0,0.0,0.0,0.0,0.0,0.0,0.0,0.0,0.0,0.0,0.0,0.0,0.0,0.0,0.0,0.0,0.0,0.0,0.0,0.0,0.0,0.0,0.0,0.0,0.0,0.0,0.0,0.0,0.0,0.0,0.0,0.0,0.0,0.0,0.0,0.0
food beverage and tobacco 10T12,0.0,0.0,0.0,0.0,0.0,0.0,0.0,0.0,0.0,0.0,0.0,0.0,0.0,0.0,0.0,0.0,0.0,0.0,0.0,0.0,0.0,0.0,0.0,0.0,0.0,0.0,0.0,0.0,0.0,0.0,0.0,0.0,0.0,0.0,0.0,0.0
textiles apparel and leather 13T15,0.0,0.0,0.0,0.0,0.0,0.0,0.0,0.0,0.0,0.0,0.0,0.0,0.0,0.0,0.0,0.0,0.0,0.0,0.0,0.0,0.0,0.0,0.0,0.0,0.0,0.0,0.0,0.0,0.0,0.0,0.0,0.0,0.0,0.0,0.0,0.0
wood products 16,0.0,0.0,0.0,0.0,0.0,0.0,0.0,0.0,0.0,0.0,0.0,0.0,0.0,0.0,0.0,0.0,0.0,0.0,0.0,0.0,0.0,0.0,0.0,0.0,0.0,0.0,0.0,0.0,0.0,0.0,0.0,0.0,0.0,0.0,0.0,0.0
pulp paper and printing 17T18,0.0,0.0,0.0,0.0,0.0,5938343.372216331,6023844.750795335,6382173.747496411,6613516.879359921,6546904.401325109,6541309.050143556,6566537.178546416,6561428.67085017,6588827.742963493,6633808.347482816,6667857.778641636,6734452.347587718,6798728.131506864,6837542.993136872,6886925.126837772,6934628.671086152,6948356.4661158025,6974924.298034574,7042102.187252609,7045784.347483264,7110191.093153105,7200063.328255174,7268787.387256125,7320200.200676116,7348118.212552038,7371338.847825583,7396961.344353229,7395736.707946591,7406364.549484964,7426726.93034193,7451286.796892423
refined petroleum and coke 19,0.0,0.0,0.0,0.0,0.0,4962684.68066101,4976967.842786959,4992365.870002234,4617951.978047107,6042228.22368645,6349844.169604271,6709481.053439524,6986329.145198305,6940857.628408055,6794644.729058306,6756343.879393728,6661007.618657399,6830848.396104776,6869541.20229517,6858132.567870236,6979046.569168619,6991109.698973185,7071661.389823837,6993913.779453514,6999371.193565597,7011769.11022046,6941543.349214689,7004655.221308123,6975952.495701279,7021921.029511788,7043857.692865491,7561309.3633766025,7557790.25158252,7235540.368404929,7038969.809744366,7110340.277385709
chemicals 20,0.0,0.0,0.0,0.0,0.0,22858062.657544114,15965509.915176246,14944629.791316058,16268226.65915916,18175171.134758744,16175177.487950377,14811715.05935135,15451252.331762841,16159947.94754428,16858470.942390487,17480089.208116654,17928479.39626476,18354632.41627069,18981935.08000489,19496306.156907164,19938206.542145316,20542506.445654813,21114424.30319774,21573510.082982644,21911294.18708198,22294775.91836308,22695064.054427713,23469787.229998123,24264389.585086484,24874643.84134138,25567440.846700605,25878612.21475469,26022795.539557274,26148348.491945405,26576727.38229733,27132898.333434645
rubber and plastic products 22,0.0,0.0,0.0,0.0,0.0,0.0,0.0,0.0,0.0,0.0,0.0,0.0,0.0,0.0,0.0,0.0,0.0,0.0,0.0,0.0,0.0,0.0,0.0,0.0,0.0,0.0,0.0,0.0,0.0,0.0,0.0,0.0,0.0,0.0,0.0,0.0
glass and glass products 231,0.0,0.0,0.0,0.0,0.0,0.0,0.0,0.0,0.0,0.0,0.0,0.0,0.0,0.0,0.0,0.0,0.0,0.0,0.0,0.0,0.0,0.0,0.0,0.0,0.0,0.0,0.0,0.0,0.0,0.0,0.0,0.0,0.0,0.0,0.0,0.0
cement and other nonmetallic minerals 239,0.0,0.0,0.0,0.0,0.0,6856351.189829404,7174866.89123112,6841428.571428572,7131767.028627839,8114044.337358947,7384596.025471741,6836498.360774205,6496999.505083336,6220036.73328409,6136615.6321783075,6041784.696641814,5957337.959783393,5881309.925124993,4879285.684291203,4692795.132411827,4485440.436577631,4287562.67509831,4164576.250570015,4060338.9563120888,3891848.891654464,3783352.472450776,3665531.581313115,3563826.2643385944,3487594.5769111016,3431117.912503999,3342526.497316684,3285663.5402590767,3234698.593172073,3180413.0302242185,3141940.367391842,3113360.522101225
iron and steel 241,0.0,0.0,0.0,0.0,0.0,10471331.97556008,10592187.372708756,12494308.788598575,12162096.33027523,11790034.340872094,11002304.46164078,9898345.636233352,9486104.19399235,9617858.13054715,9648979.038294105,9537550.947021771,9331723.474434763,8985055.75912346,8985450.058235144,9138187.164219756,9180182.782026041,9276481.578592869,9378727.494635511,9466938.133355161,9580245.740302691,9661677.771443676,9689867.535497673,9786470.563256593,9966447.8645393,10070960.31048289,10102433.1585255,10072544.006010722,9954330.020749176,9817906.618862186,9823674.971179195,9915382.3663601
other metals 242,0.0,0.0,0.0,0.0,0.0,1819504.3062200956,1874999.6810207337,1901183.8743455496,2065153.5634743876,2134153.6971449433,2110455.6450897874,2101081.354074224,2146957.9981545666,2224922.9201097977,2288934.186231422,2342954.9430393437,2373905.974450242,2378807.601826501,2377513.781506987,2383403.3269319814,2397949.608765936,2420566.725226431,2444995.9927037535,2464054.7690748265,2478139.026657917,2502723.7898860336,2521479.004200375,2536118.229459353,2560147.5661241626,2585387.607638734,2598085.427341614,2602170.9766912344,2605472.2017803965,2611715.87734296,2618339.900782601,2617750.5760806575
metal products except machinery and vehicles 25,0.0,0.0,0.0,0.0,0.0,0.0,0.0,0.0,0.0,0.0,0.0,0.0,0.0,0.0,0.0,0.0,0.0,0.0,0.0,0.0,0.0,0.0,0.0,0.0,0.0,0.0,0.0,0.0,0.0,0.0,0.0,0.0,0.0,0.0,0.0,0.0
computers and electronics 26,0.0,0.0,0.0,0.0,0.0,0.0,0.0,0.0,0.0,0.0,0.0,0.0,0.0,0.0,0.0,0.0,0.0,0.0,0.0,0.0,0.0,0.0,0.0,0.0,0.0,0.0,0.0,0.0,0.0,0.0,0.0,0.0,0.0,0.0,0.0,0.0
appliances and electrical equipment 27,0.0,0.0,0.0,0.0,0.0,0.0,0.0,0.0,0.0,0.0,0.0,0.0,0.0,0.0,0.0,0.0,0.0,0.0,0.0,0.0,0.0,0.0,0.0,0.0,0.0,0.0,0.0,0.0,0.0,0.0,0.0,0.0,0.0,0.0,0.0,0.0
other machinery 28,0.0,0.0,0.0,0.0,0.0,0.0,0.0,0.0,0.0,0.0,0.0,0.0,0.0,0.0,0.0,0.0,0.0,0.0,0.0,0.0,0.0,0.0,0.0,0.0,0.0,0.0,0.0,0.0,0.0,0.0,0.0,0.0,0.0,0.0,0.0,0.0
road vehicles 29,0.0,0.0,0.0,0.0,0.0,0.0,0.0,0.0,0.0,0.0,0.0,0.0,0.0,0.0,0.0,0.0,0.0,0.0,0.0,0.0,0.0,0.0,0.0,0.0,0.0,0.0,0.0,0.0,0.0,0.0,0.0,0.0,0.0,0.0,0.0,0.0
nonroad vehicles 30,0.0,0.0,0.0,0.0,0.0,0.0,0.0,0.0,0.0,0.0,0.0,0.0,0.0,0.0,0.0,0.0,0.0,0.0,0.0,0.0,0.0,0.0,0.0,0.0,0.0,0.0,0.0,0.0,0.0,0.0,0.0,0.0,0.0,0.0,0.0,0.0
other manufacturing 31T33,0.0,0.0,0.0,0.0,0.0,1433174.8393194706,1445175.31821046,1571334.3556766326,1708456.563590273,1680617.7523470856,1635145.6396212627,1612008.7755754027,1608701.7033691334,1614476.93673342,1638660.0909613806,1668296.0310817477,1697131.8440429487,1745896.0010396317,1787616.7965502206,1830816.7483677717,1867668.1774914213,1889799.3157386044,1918199.7923751576,1959831.3998411798,1985392.7248305501,2023770.9304884074,2061171.7608842684,2092897.8944019487,2117952.9559076657,2142665.6683082585,2171209.7066814816,2220668.923484024,2251512.757736317,2278234.9645802965,2307745.7381781344,2337972.499983799
energy pipelines and gas processing 352T353,0.0,0.0,0.0,0.0,0.0,47071298.379408956,46891866.53956149,54102082.36722976,59159833.94383394,67940712.53264357,69198117.26282835,69593343.6190796,74151989.44772302,79879278.86372212,80775722.70549588,82069226.82914074,81118890.6305553,79433016.13063686,76585135.36976488,74675975.71227233,73897903.75122423,73822768.34376594,73885733.81166118,72973725.00692372,73307596.99901384,72953344.52745537,72203587.46443114,72135729.98891744,72545784.98299852,72896777.71277772,73292949.89384012,73540468.48828076,73052524.16327304,72748673.74420023,73108407.26854739,73923473.64940214
water and waste 36T39,0.0,0.0,0.0,0.0,0.0,0.0,0.0,0.0,0.0,0.0,0.0,0.0,0.0,0.0,0.0,0.0,0.0,0.0,0.0,0.0,0.0,0.0,0.0,0.0,0.0,0.0,0.0,0.0,0.0,0.0,0.0,0.0,0.0,0.0,0.0,0.0
construction 41T43,0.0,0.0,0.0,0.0,0.0,0.0,0.0,0.0,0.0,0.0,0.0,0.0,0.0,0.0,0.0,0.0,0.0,0.0,0.0,0.0,0.0,0.0,0.0,0.0,0.0,0.0,0.0,0.0,0.0,0.0,0.0,0.0,0.0,0.0,0.0,0.0
