Pollutant:,BC,Unit: grams,,,,,,,,,,,,,,,,,,,,,,,,,,,,,,,,,,
,2015.0,2016.0,2017.0,2018.0,2019.0,2020.0,2021.0,2022.0,2023.0,2024.0,2025.0,2026.0,2027.0,2028.0,2029.0,2030.0,2031.0,2032.0,2033.0,2034.0,2035.0,2036.0,2037.0,2038.0,2039.0,2040.0,2041.0,2042.0,2043.0,2044.0,2045.0,2046.0,2047.0,2048.0,2049.0,2050.0
agriculture and forestry 01T03,0.0,0.0,0.0,0.0,0.0,782.4812030075188,787.8696741854637,793.249791144528,838.8626421697287,856.5469921720425,865.5819159676411,872.6499859888171,879.5220031913296,885.7126117321493,892.5816047373887,899.2431507802921,897.6509786715804,898.2066133964205,894.3879044921592,892.7317101414812,890.8265390562101,890.0954565719427,889.080996110458,889.1158448939638,889.1082668457959,889.0816676780989,888.73192711059,890.0156068107656,890.9294739435962,892.2411915150009,894.6222853532014,902.2390117983518,909.969200447089,917.9237937197889,924.8103941820657,931.8821835428636
coal mining 05,0.0,0.0,0.0,0.0,0.0,8755257.142857144,8913400.0,9011854.304635761,10105111.485065207,9031956.579401622,9457806.214059606,10830464.336977258,11368786.610515092,12347336.439214157,13453253.5411856,13911157.400814852,14015015.296944054,13629046.19401907,13597002.817978356,13712589.249596966,13434581.21818356,13383656.690469429,13544507.19630183,13662553.861708188,14023541.999625783,13723916.134300109,13437432.17857584,13157898.357927129,13162624.787762849,13455646.937126417,13530430.14339715,13622702.171596829,13853394.643278696,13968825.183190836,14007067.002613535,13948863.603403362
oil and gas extraction 06,0.0,0.0,0.0,0.0,0.0,30470293.072824158,31021709.591474246,29393418.768085986,29488005.75657895,31908848.39876926,32460281.969005454,31334208.321445115,31955562.51454252,32959108.8685529,33669534.240121484,34585956.07176545,35240889.31692018,35776960.55126532,36030682.118984565,36131261.535673834,36386983.17282592,36338775.38719792,36423560.034157395,36560817.577724926,36596010.110673286,37200339.26574603,37337509.27821852,37666670.49192783,37756813.09347738,37919339.740861475,38196359.6541579,38505724.29684135,38643856.33976923,38487430.094269246,38663468.5409117,39011308.59448309
other mining and quarrying 07T08,0.0,0.0,0.0,0.0,0.0,0.0,0.0,0.0,0.0,0.0,0.0,0.0,0.0,0.0,0.0,0.0,0.0,0.0,0.0,0.0,0.0,0.0,0.0,0.0,0.0,0.0,0.0,0.0,0.0,0.0,0.0,0.0,0.0,0.0,0.0,0.0
food beverage and tobacco 10T12,0.0,0.0,0.0,0.0,0.0,0.0,0.0,0.0,0.0,0.0,0.0,0.0,0.0,0.0,0.0,0.0,0.0,0.0,0.0,0.0,0.0,0.0,0.0,0.0,0.0,0.0,0.0,0.0,0.0,0.0,0.0,0.0,0.0,0.0,0.0,0.0
textiles apparel and leather 13T15,0.0,0.0,0.0,0.0,0.0,0.0,0.0,0.0,0.0,0.0,0.0,0.0,0.0,0.0,0.0,0.0,0.0,0.0,0.0,0.0,0.0,0.0,0.0,0.0,0.0,0.0,0.0,0.0,0.0,0.0,0.0,0.0,0.0,0.0,0.0,0.0
wood products 16,0.0,0.0,0.0,0.0,0.0,0.0,0.0,0.0,0.0,0.0,0.0,0.0,0.0,0.0,0.0,0.0,0.0,0.0,0.0,0.0,0.0,0.0,0.0,0.0,0.0,0.0,0.0,0.0,0.0,0.0,0.0,0.0,0.0,0.0,0.0,0.0
pulp paper and printing 17T18,0.0,0.0,0.0,0.0,0.0,788884.1286673736,800242.6299045599,847845.1413493099,878578.1107254497,869728.9210779242,868985.6020300398,872337.0535789876,871658.4096559032,875298.2620146505,881273.7475632261,885797.0723606804,894643.8828605256,903182.6524488096,908339.0447921011,914899.2551192166,921236.4718444735,923060.1521104479,926589.5776791816,935513.8798422114,936003.0394584714,944559.2067686636,956498.3580497428,965628.0624142811,972458.0400654438,976166.8314054505,979251.5958720152,982655.4375801362,982492.7497454949,983904.6141302389,986609.6714287272,989872.3471801026
refined petroleum and coke 19,0.0,0.0,0.0,0.0,0.0,2050715.3863331845,2056617.5748101834,2062980.455662274,1908262.520009147,2496811.944215648,2623927.1638936982,2772538.8405629545,2886939.9516508933,2868149.892414399,2807730.772185914,2791903.8263348388,2752508.3077097414,2822691.1055198447,2838680.0183968316,2833965.6624266785,2883930.5944829048,2888915.405626349,2922201.5405416517,2890074.1274383417,2892329.278391786,2897452.4325066707,2868433.2507777386,2894512.781412973,2882652.039733971,2901647.479831092,2910712.3017891627,3124537.3119769157,3123083.119908162,2989920.7619909667,2908692.4964281367,2938184.7018652954
chemicals 20,0.0,0.0,0.0,0.0,0.0,4216535.830032409,3202900.016404593,3009050.7943453384,3274374.4859333015,3628722.938543642,3257128.22071001,3001710.5347604444,3117483.0723462673,3247014.557837728,3375981.035386674,3492454.576360325,3576471.7735225926,3657358.863320533,3772381.4575091917,3866017.418689637,3947360.3446004675,4057846.6708718245,4162813.5185232353,4247705.453963691,4308685.131083801,4379643.781882089,4454597.57430899,4599549.04776935,4746139.831817877,4858720.490021047,4985772.510772785,5044116.834443617,5069011.545911285,5091580.571661658,5171603.346518083,5275071.517216935
rubber and plastic products 22,0.0,0.0,0.0,0.0,0.0,0.0,0.0,0.0,0.0,0.0,0.0,0.0,0.0,0.0,0.0,0.0,0.0,0.0,0.0,0.0,0.0,0.0,0.0,0.0,0.0,0.0,0.0,0.0,0.0,0.0,0.0,0.0,0.0,0.0,0.0,0.0
glass and glass products 231,0.0,0.0,0.0,0.0,0.0,0.0,0.0,0.0,0.0,0.0,0.0,0.0,0.0,0.0,0.0,0.0,0.0,0.0,0.0,0.0,0.0,0.0,0.0,0.0,0.0,0.0,0.0,0.0,0.0,0.0,0.0,0.0,0.0,0.0,0.0,0.0
cement and other nonmetallic minerals 239,0.0,0.0,0.0,0.0,0.0,1531251.7657285668,1602386.9390416166,1527919.0476190476,1592761.3030602173,1812136.5686768312,1649226.445688689,1526817.9672395722,1450996.5561352784,1389141.5371001135,1370510.8245198228,1349331.9155833386,1330472.144351624,1313492.549944582,1089707.1361583686,1048057.5795719746,1001748.3641690037,957555.6641052901,930088.6959606364,906809.0335763663,869179.5858028303,844948.7188473397,818635.3864932625,795921.1990356193,778896.1221768121,766283.0004592261,746497.5844007262,733798.19065786,722416.0191417632,710292.2434167418,701700.0153841783,695317.1832692736
iron and steel 241,0.0,0.0,0.0,0.0,0.0,1756818.1553680536,1777094.5592086122,2096221.241940957,2040484.6002621232,1978062.2399137565,1845901.5791124902,1660685.8957800148,1591522.4644405767,1613627.360772861,1618848.642637383,1600153.8964272405,1565621.380262311,1507459.5210489524,1507525.674222175,1533151.002634875,1540196.7790442358,1556353.221657608,1573507.4368076192,1588306.8961276936,1607316.9763630761,1620979.16098972,1625708.6728991107,1641916.1576227841,1672111.684914401,1689646.1650477939,1694926.49337388,1689911.8681180784,1670078.6247436327,1647190.3131313636,1648158.09317126,1663544.2176119108
other metals 242,0.0,0.0,0.0,0.0,0.0,318540.6698564593,328256.2466772993,332840.3141361256,361546.4922048998,373626.3475393809,369477.52890227374,367836.37151159387,375867.9968757995,389517.3179463932,400723.7720993383,410181.1875068877,415599.78544296965,416457.9134850316,416231.4043254528,417262.48720798,419809.1051761091,423768.68438838073,428045.5169299289,431382.1374430718,433847.86881266045,438151.92399965576,441435.3998950235,443998.2894711751,448205.106114174,452623.8808891342,454846.88854019856,455562.14577927784,456140.09134810866,457233.1718037395,458392.8397728643,458289.66668078746
metal products except machinery and vehicles 25,0.0,0.0,0.0,0.0,0.0,0.0,0.0,0.0,0.0,0.0,0.0,0.0,0.0,0.0,0.0,0.0,0.0,0.0,0.0,0.0,0.0,0.0,0.0,0.0,0.0,0.0,0.0,0.0,0.0,0.0,0.0,0.0,0.0,0.0,0.0,0.0
computers and electronics 26,0.0,0.0,0.0,0.0,0.0,0.0,0.0,0.0,0.0,0.0,0.0,0.0,0.0,0.0,0.0,0.0,0.0,0.0,0.0,0.0,0.0,0.0,0.0,0.0,0.0,0.0,0.0,0.0,0.0,0.0,0.0,0.0,0.0,0.0,0.0,0.0
appliances and electrical equipment 27,0.0,0.0,0.0,0.0,0.0,0.0,0.0,0.0,0.0,0.0,0.0,0.0,0.0,0.0,0.0,0.0,0.0,0.0,0.0,0.0,0.0,0.0,0.0,0.0,0.0,0.0,0.0,0.0,0.0,0.0,0.0,0.0,0.0,0.0,0.0,0.0
other machinery 28,0.0,0.0,0.0,0.0,0.0,0.0,0.0,0.0,0.0,0.0,0.0,0.0,0.0,0.0,0.0,0.0,0.0,0.0,0.0,0.0,0.0,0.0,0.0,0.0,0.0,0.0,0.0,0.0,0.0,0.0,0.0,0.0,0.0,0.0,0.0,0.0
road vehicles 29,0.0,0.0,0.0,0.0,0.0,0.0,0.0,0.0,0.0,0.0,0.0,0.0,0.0,0.0,0.0,0.0,0.0,0.0,0.0,0.0,0.0,0.0,0.0,0.0,0.0,0.0,0.0,0.0,0.0,0.0,0.0,0.0,0.0,0.0,0.0,0.0
nonroad vehicles 30,0.0,0.0,0.0,0.0,0.0,0.0,0.0,0.0,0.0,0.0,0.0,0.0,0.0,0.0,0.0,0.0,0.0,0.0,0.0,0.0,0.0,0.0,0.0,0.0,0.0,0.0,0.0,0.0,0.0,0.0,0.0,0.0,0.0,0.0,0.0,0.0
other manufacturing 31T33,0.0,0.0,0.0,0.0,0.0,212594.16824196596,214374.29426591052,233088.46290779347,253428.88540135644,249299.3341709561,242554.0957548662,239122.02157060767,238631.4573730519,239488.14345195814,243075.4221408597,247471.55572282363,251749.00010984507,258982.57351087764,265171.3493508012,271579.54015402956,277046.0043342061,280328.89124990295,284541.7587539755,290717.3046252787,294509.0182921598,300201.9613208871,305749.9225405683,310456.1110541256,314172.72665113717,317838.55889551394,322072.7220483527,329409.3991721488,333984.70925181324,337948.6257131733,342326.19235409226,346809.96719329804
energy pipelines and gas processing 352T353,0.0,0.0,0.0,0.0,0.0,5970440.419447092,5947681.601525262,6862212.653196422,7503728.937728938,8617480.082265455,8776967.079292571,8827096.892861202,9405307.485097222,10131746.76764122,10245450.122572092,10409515.902960863,10288976.936596166,10075143.59009916,9713923.420062093,9471768.978211017,9373079.703739837,9363549.661249718,9371536.090082029,9255858.502716426,9298206.237007268,9253273.478666212,9158175.615892919,9149568.693447255,9201579.345270032,9246098.643716292,9296348.424034867,9327743.245756201,9265853.248650445,9227313.397701863,9272941.363106193,9376322.94450137
water and waste 36T39,0.0,0.0,0.0,0.0,0.0,0.0,0.0,0.0,0.0,0.0,0.0,0.0,0.0,0.0,0.0,0.0,0.0,0.0,0.0,0.0,0.0,0.0,0.0,0.0,0.0,0.0,0.0,0.0,0.0,0.0,0.0,0.0,0.0,0.0,0.0,0.0
construction 41T43,0.0,0.0,0.0,0.0,0.0,0.0,0.0,0.0,0.0,0.0,0.0,0.0,0.0,0.0,0.0,0.0,0.0,0.0,0.0,0.0,0.0,0.0,0.0,0.0,0.0,0.0,0.0,0.0,0.0,0.0,0.0,0.0,0.0,0.0,0.0,0.0
