Unit: incidents / ton pollutant,2024.0,2025.0,2026.0,2027.0,2028.0,2029.0,2030.0,2031.0,2032.0,2033.0,2034.0,2035.0,2036.0,2037.0,2038.0,2039.0,2040.0,2041.0,2042.0,2043.0,2044.0,2045.0,2046.0,2047.0,2048.0,2049.0,2050.0
Premature mortality,0.000137784,0.000139551,0.000141317,0.000143084,0.00014485,0.000148253,0.000151656,0.000153946,0.000156237,0.000158528,0.000160818,0.000163109,0.000164944,0.00016678,0.000168616,0.000170452,0.000172287,0.00017334,0.000174392,0.000175445,0.000176497,0.00017755,0.00017786,0.00017817,0.00017848,0.00017879,0.0001791
Infant mortality,2.41245e-07,2.39207e-07,2.37169e-07,2.35131e-07,2.33093e-07,1.55019e-07,7.69447e-08,7.64525e-08,7.59602e-08,7.54679e-08,7.49757e-08,7.44834e-08,7.41715e-08,7.38596e-08,7.35477e-08,7.32358e-08,7.29239e-08,7.25351e-08,7.21464e-08,7.17576e-08,7.13688e-08,7.09801e-08,7.05653e-08,7.01505e-08,6.97357e-08,6.93209e-08,6.89061e-08
Asthma symptoms albuturol use,1.23004,1.24259,1.25515,1.2677,1.28025,1.29499,1.30972,1.32048,1.33123,1.34198,1.35274,1.36349,1.36816,1.37284,1.37751,1.38218,1.38686,1.39239,1.39793,1.40346,1.409,1.41454,1.42054,1.42654,1.43254,1.43854,1.44454
Asthma symptoms chest tightness,0.0,0.0,0.0,0.0,0.0,0.0,0.0,0.0,0.0,0.0,0.0,0.0,0.0,0.0,0.0,0.0,0.0,0.0,0.0,0.0,0.0,0.0,0.0,0.0,0.0,0.0,0.0
Asthma symptoms cough,0.000253115,0.000253115,0.000253115,0.000253115,0.000253115,0.000253115,0.000253115,0.000253115,0.000253115,0.000253115,0.000253115,0.000253115,0.000253115,0.000253115,0.000253115,0.000253115,0.000253115,0.000253115,0.000253115,0.000253115,0.000253115,0.000253115,0.000253115,0.000253115,0.000253115,0.000253115,0.000253115
Asthma symptoms shortness of breath,0.000340854,0.000340854,0.000340854,0.000340854,0.000340854,0.000340854,0.000340854,0.000340854,0.000340854,0.000340854,0.000340854,0.000340854,0.000340854,0.000340854,0.000340854,0.000340854,0.000340854,0.000340854,0.000340854,0.000340854,0.000340854,0.000340854,0.000340854,0.000340854,0.000340854,0.000340854,0.000340854
Asthma symptoms wheeze,0.000520772,0.000520772,0.000520772,0.000520772,0.000520772,0.000520772,0.000520772,0.000520772,0.000520772,0.000520772,0.000520772,0.000520772,0.000520772,0.000520772,0.000520772,0.000520772,0.000520772,0.000520772,0.000520772,0.000520772,0.000520772,0.000520772,0.000520772,0.000520772,0.000520772,0.000520772,0.000520772
Asthma incidence,0.00665243,0.00669691,0.00674139,0.00678586,0.00683034,0.00687062,0.0069109,0.00694429,0.00697768,0.00701107,0.00704447,0.00707786,0.0071086,0.00713935,0.00717009,0.00720084,0.00723158,0.00726093,0.00729028,0.00731963,0.00734898,0.00737833,0.00740539,0.00743244,0.00745949,0.00748654,0.00751359
Hay fever rhinitis incidence,0.0423864,0.0427776,0.0431688,0.0435599,0.0439511,0.0443798,0.0448085,0.0451345,0.0454605,0.0457865,0.0461125,0.0464384,0.0466093,0.0467801,0.046951,0.0471218,0.0472927,0.0474839,0.0476752,0.0478664,0.0480577,0.0482489,0.0484463,0.0486436,0.0488409,0.0490383,0.0492356
Respiratory emergency room visits,0.00200436,0.00202366,0.00204296,0.00206226,0.00208156,0.00210155,0.00212154,0.00214033,0.00215912,0.00217791,0.0021967,0.00221549,0.00223143,0.00224737,0.00226331,0.00227925,0.00229519,0.00230894,0.00232268,0.00233643,0.00235018,0.00236392,0.00237678,0.00238963,0.00240248,0.00241534,0.00242819
Respiratory hospital admissions,1.12151e-05,1.12811e-05,1.13472e-05,1.14132e-05,1.14793e-05,1.15512e-05,1.16232e-05,1.16925e-05,1.17617e-05,1.18309e-05,1.19002e-05,1.19694e-05,1.20191e-05,1.20688e-05,1.21184e-05,1.21681e-05,1.22178e-05,1.22646e-05,1.23115e-05,1.23584e-05,1.24053e-05,1.24521e-05,1.24971e-05,1.25421e-05,1.25871e-05,1.2632e-05,1.2677e-05
Non-fatal heart attacks,4.4144e-05,4.54443e-05,4.67446e-05,4.80448e-05,4.93451e-05,5.05791e-05,5.18132e-05,5.28181e-05,5.38231e-05,5.4828e-05,5.5833e-05,5.6838e-05,5.75007e-05,5.81634e-05,5.88261e-05,5.94889e-05,6.01516e-05,6.05122e-05,6.08729e-05,6.12335e-05,6.15941e-05,6.19548e-05,6.22318e-05,6.25088e-05,6.27859e-05,6.30629e-05,6.33399e-05
Minor restricted activity days,0.0350206,0.0351086,0.0351966,0.0352846,0.0353726,0.0354998,0.0356269,0.035845,0.0360631,0.0362812,0.0364992,0.0367173,0.0370176,0.0373179,0.0376182,0.0379185,0.0382189,0.0385267,0.0388346,0.0391425,0.0394503,0.0397582,0.0400291,0.0403,0.0405709,0.0408418,0.0411126
Work loss days,0.0058875,0.00590656,0.00592563,0.00594469,0.00596376,0.00598818,0.0060126,0.00604833,0.00608406,0.0061198,0.00615553,0.00619126,0.00623647,0.00628168,0.00632689,0.0063721,0.00641731,0.006468,0.00651868,0.00656937,0.00662005,0.00667074,0.0067164,0.00676206,0.00680772,0.00685339,0.00689905
Lung cancer incidence,0.000188024,0.000191739,0.000195453,0.000199168,0.000202882,0.000206819,0.000210755,0.000215015,0.000219275,0.000223535,0.000227795,0.000232055,0.00023573,0.000239405,0.000243081,0.000246756,0.000250431,0.00025239,0.000254349,0.000256309,0.000258268,0.000260228,0.000261227,0.000262226,0.000263225,0.000264224,0.000265223
Cardiovascular hospital admissions,1.02985e-05,1.06105e-05,1.09226e-05,1.12347e-05,1.15467e-05,1.18476e-05,1.21484e-05,1.24088e-05,1.26692e-05,1.29297e-05,1.31901e-05,1.34505e-05,1.36283e-05,1.3806e-05,1.39838e-05,1.41615e-05,1.43392e-05,1.44367e-05,1.45341e-05,1.46316e-05,1.4729e-05,1.48264e-05,1.48937e-05,1.4961e-05,1.50282e-05,1.50955e-05,1.51628e-05
Alzheimers disease hospital admissions,0.00132857,0.00137232,0.00141606,0.00145981,0.00150356,0.00155016,0.00159676,0.00164374,0.00169073,0.00173771,0.00178469,0.00183168,0.00186619,0.00190071,0.00193522,0.00196974,0.00200426,0.00202173,0.00203921,0.00205668,0.00207416,0.00209163,0.00209779,0.00210394,0.00211009,0.00211624,0.00212239
Parkinsons disease hospital admissions,0.000175828,0.000180485,0.000185143,0.000189801,0.000194458,0.000198396,0.000202333,0.000204957,0.00020758,0.000210204,0.000212827,0.000215451,0.000216782,0.000218113,0.000219444,0.000220775,0.000222106,0.000222884,0.000223661,0.000224438,0.000225216,0.000225993,0.000227091,0.000228189,0.000229286,0.000230384,0.000231482
Stroke incidence,0.000161919,0.000166259,0.000170598,0.000174938,0.000179278,0.000182904,0.000186531,0.000188807,0.000191083,0.00019336,0.000195636,0.000197912,0.000199028,0.000200145,0.000201261,0.000202377,0.000203493,0.000204106,0.000204718,0.000205331,0.000205943,0.000206555,0.000207587,0.000208618,0.00020965,0.000210681,0.000211713
Out of hospital cardiac arrest incidence,3.81008e-05,3.8677e-05,3.92532e-05,3.98294e-05,4.04056e-05,4.09517e-05,4.14978e-05,4.19319e-05,4.23661e-05,4.28002e-05,4.32343e-05,4.36685e-05,4.39731e-05,4.42777e-05,4.45823e-05,4.48869e-05,4.51915e-05,4.54345e-05,4.56775e-05,4.59205e-05,4.61635e-05,4.64065e-05,4.66721e-05,4.69376e-05,4.72032e-05,4.74688e-05,4.77343e-05
Cardiac emergency room visits,0.000820477,0.000835726,0.000850975,0.000866224,0.000881474,0.000896466,0.000911458,0.000926129,0.0009408,0.000955471,0.000970141,0.000984812,0.000996791,0.00100877,0.00102075,0.00103273,0.00104471,0.00105324,0.00106177,0.00107031,0.00107884,0.00108737,0.00109387,0.00110037,0.00110687,0.00111337,0.00111987
School loss days,0.0,0.0,0.0,0.0,0.0,0.0,0.0,0.0,0.0,0.0,0.0,0.0,0.0,0.0,0.0,0.0,0.0,0.0,0.0,0.0,0.0,0.0,0.0,0.0,0.0,0.0,0.0
,,,,,,,,,,,,,,,,,,,,,,,,,,,
Data for lookup functions (based on sheet name),,,,,,,,,,,,,,,,,,,,,,,,,,,
sector pollutant,electricity SO2,,,,,,,,,,,,,,,,,,,,,,,,,,
