Policy:,crop and rice measures,Unit: g CO2e,,,,,,,,,,,,,,,,,,,,,,,,,,,,,,,,,,,
Lower Bound,Upper Bound,2015.0,2016.0,2017.0,2018.0,2019.0,2020.0,2021.0,2022.0,2023.0,2024.0,2025.0,2026.0,2027.0,2028.0,2029.0,2030.0,2031.0,2032.0,2033.0,2034.0,2035.0,2036.0,2037.0,2038.0,2039.0,2040.0,2041.0,2042.0,2043.0,2044.0,2045.0,2046.0,2047.0,2048.0,2049.0,2050.0
-1150.0,-1100.0,0.0,0.0,0.0,0.0,0.0,0.0,177852.348993289,355704.697986577,533557.046979866,711409.395973154,889261.744966443,711409.395973154,533557.046979866,355704.697986577,177852.348993289,0.0,0.0,0.0,0.0,0.0,0.0,7469798.65771812,14939597.31543624,22409395.97315436,29879194.63087248,37348993.2885906,29879194.63087248,22409395.97315436,14939597.315436238,7469798.657718118,0.0,0.0,0.0,0.0,0.0,0.0
-1100.0,-1050.0,0.0,0.0,0.0,0.0,0.0,0.0,0.0,0.0,0.0,0.0,0.0,8003355.704697987,16006711.409395974,24010067.11409396,32013422.81879195,40016778.52348994,39661073.82550336,39305369.12751678,38949664.42953019,38593959.731543615,38238255.03355705,30590604.02684564,22942953.020134233,15295302.013422823,7647651.006711412,0.0,0.0,0.0,0.0,0.0,0.0,0.0,0.0,0.0,0.0,0.0
-1050.0,-1000.0,0.0,0.0,0.0,0.0,0.0,0.0,0.0,0.0,0.0,0.0,0.0,0.0,0.0,0.0,0.0,0.0,0.0,0.0,0.0,0.0,0.0,0.0,0.0,0.0,0.0,0.0,0.0,0.0,0.0,0.0,0.0,0.0,0.0,0.0,0.0,0.0
-1000.0,-950.0,0.0,0.0,0.0,0.0,0.0,0.0,8892617.44966443,17785234.89932886,26677852.34899329,35570469.79865772,44463087.24832215,35570469.79865772,26677852.34899329,17785234.899328865,8892617.449664434,0.0,0.0,0.0,0.0,0.0,0.0,0.0,0.0,0.0,0.0,0.0,0.0,0.0,0.0,0.0,0.0,0.0,0.0,0.0,0.0,0.0
-950.0,-900.0,0.0,0.0,0.0,0.0,0.0,0.0,0.0,0.0,0.0,0.0,0.0,0.0,0.0,0.0,0.0,0.0,0.0,0.0,0.0,0.0,0.0,0.0,0.0,0.0,0.0,0.0,0.0,0.0,0.0,0.0,0.0,9426174.496644296,18852348.99328859,28278523.489932887,37704697.98657718,47130872.48322148
-900.0,-850.0,0.0,0.0,0.0,0.0,0.0,0.0,0.0,0.0,0.0,0.0,0.0,0.0,0.0,0.0,0.0,0.0,0.0,0.0,0.0,0.0,0.0,0.0,0.0,0.0,0.0,0.0,9959731.54362416,19919463.08724832,29879194.63087248,39838926.17449664,49798657.718120806,39838926.17449664,29879194.63087248,19919463.087248314,9959731.543624157,0.0
-850.0,-800.0,0.0,0.0,0.0,0.0,0.0,0.0,0.0,0.0,0.0,0.0,0.0,0.0,0.0,0.0,0.0,0.0,0.0,0.0,0.0,0.0,0.0,10315436.24161074,20630872.48322148,30946308.72483222,41261744.96644296,51577181.20805369,41261744.96644296,30946308.72483222,20630872.48322148,10315436.24161074,0.0,0.0,0.0,0.0,0.0,0.0
-800.0,-750.0,0.0,0.0,0.0,0.0,0.0,0.0,0.0,0.0,0.0,0.0,0.0,13161073.825503355,26322147.65100671,39483221.47651006,52644295.30201342,65805369.12751677,63493288.59060402,61181208.053691275,58869127.51677853,56557046.97986578,54244966.44295302,43395973.15436242,32546979.865771815,21697986.577181213,10848993.288590608,0.0,0.0,0.0,0.0,0.0,0.0,9024322.147651006,18048644.29530201,27072966.442953017,36097288.59060402,45121610.73825503
-750.0,-700.0,0.0,0.0,0.0,0.0,0.0,0.0,177852.348993289,355704.697986577,533557.046979866,711409.395973154,889261.744966443,711409.395973154,533557.046979866,355704.697986577,177852.348993289,0.0,0.0,0.0,0.0,0.0,0.0,0.0,0.0,0.0,0.0,0.0,9202174.496644294,18404348.993288588,27606523.48993288,36808697.986577176,46010872.48322147,36808697.986577176,27606523.48993288,18404348.993288584,9202174.49664429,0.0
-700.0,-650.0,0.0,0.0,0.0,0.0,0.0,0.0,19741610.73825503,39483221.47651006,59224832.214765094,78966442.95302013,98708053.69127516,78966442.95302013,59224832.214765094,39483221.47651006,19741610.73825503,0.0,0.0,0.0,0.0,0.0,0.0,9202174.496644294,18404348.993288588,27606523.48993288,36808697.986577176,46010872.48322147,36808697.986577176,27606523.48993288,18404348.993288584,9202174.49664429,0.0,0.0,0.0,0.0,0.0,0.0
-650.0,-600.0,0.0,0.0,0.0,0.0,0.0,0.0,7114093.959731544,14228187.919463089,21342281.879194632,28456375.838926177,35570469.79865772,28456375.838926177,21342281.879194632,14228187.919463087,7114093.959731543,0.0,9202174.496644294,18404348.993288588,27606523.48993288,36808697.986577176,46010872.48322147,36808697.986577176,27606523.48993288,18404348.993288584,9202174.49664429,0.0,0.0,0.0,0.0,0.0,0.0,0.0,0.0,0.0,0.0,0.0
-600.0,-550.0,0.0,0.0,0.0,0.0,0.0,0.0,0.0,0.0,0.0,0.0,0.0,0.0,0.0,0.0,0.0,0.0,0.0,0.0,0.0,0.0,0.0,0.0,0.0,0.0,0.0,0.0,0.0,0.0,0.0,0.0,0.0,-177852.348993289,-355704.697986577,-533557.046979866,-711409.395973154,-889261.744966443
-550.0,-500.0,0.0,0.0,0.0,0.0,0.0,0.0,0.0,0.0,0.0,0.0,0.0,43171973.15436242,86343946.30872484,129515919.46308726,172687892.61744967,215859865.77181208,172687892.61744967,129515919.46308726,86343946.30872485,43171973.15436243,0.0,0.0,0.0,0.0,0.0,0.0,-177852.348993289,-355704.697986577,-533557.046979866,-711409.395973154,-889261.744966443,-711409.395973154,-533557.046979866,-355704.697986577,-177852.348993289,0.0
-500.0,-450.0,0.0,0.0,0.0,0.0,0.0,0.0,0.0,0.0,0.0,0.0,0.0,3379194.630872483,6758389.261744966,10137583.89261745,13516778.523489932,16895973.154362414,13338926.174496643,9781879.194630872,6224832.214765101,2667785.234899329,-889261.744966443,-889261.744966443,-889261.744966443,-889261.744966443,-889261.744966443,-889261.744966443,-711409.395973154,-533557.046979866,-355704.697986577,-177852.348993289,0.0,0.0,0.0,0.0,0.0,0.0
-450.0,-400.0,0.0,0.0,0.0,0.0,0.0,0.0,64336402.68456374,128672805.36912748,193009208.0536912,257345610.73825496,321682013.4228188,257345610.73825496,193009208.0536912,128672805.36912747,64336402.684563726,0.0,0.0,0.0,0.0,0.0,0.0,0.0,0.0,0.0,0.0,0.0,0.0,0.0,0.0,0.0,0.0,0.0,0.0,0.0,0.0,0.0
-400.0,-350.0,0.0,0.0,0.0,0.0,0.0,0.0,0.0,0.0,0.0,0.0,0.0,2134228.187919463,4268456.375838926,6402684.563758389,8536912.751677852,10671140.939597316,8536912.751677852,6402684.563758389,4268456.375838926,2134228.187919463,0.0,0.0,0.0,0.0,0.0,0.0,0.0,0.0,0.0,0.0,0.0,0.0,0.0,0.0,0.0,0.0
-350.0,-300.0,0.0,0.0,0.0,0.0,0.0,0.0,0.0,0.0,0.0,0.0,0.0,0.0,0.0,0.0,0.0,0.0,0.0,0.0,0.0,0.0,0.0,0.0,0.0,0.0,0.0,0.0,0.0,0.0,0.0,0.0,0.0,3912751.677852349,7825503.355704698,11738255.033557046,15651006.711409396,19563758.389261745
-300.0,-250.0,0.0,0.0,0.0,0.0,0.0,0.0,4446308.724832216,8892617.44966443,13338926.174496645,17785234.89932886,22231543.624161076,17785234.89932886,13338926.174496645,8892617.449664433,4446308.724832217,0.0,0.0,0.0,0.0,0.0,0.0,0.0,0.0,0.0,0.0,0.0,11026845.637583893,22053691.275167786,33080536.91275168,44107382.55033557,55134228.18791947,50510067.11409397,45885906.040268466,41261744.966442965,36637583.892617464,32013422.81879195
-250.0,-200.0,0.0,0.0,0.0,0.0,0.0,0.0,0.0,0.0,0.0,0.0,0.0,0.0,0.0,0.0,0.0,0.0,11738255.033557048,23476510.067114096,35214765.10067114,46953020.13422819,58691275.16778524,58513422.818791956,58335570.46979867,58157718.12080538,57979865.771812096,57802013.422818795,46241610.73825504,34681208.05369128,23120805.369127523,11560402.684563763,0.0,0.0,0.0,0.0,0.0,0.0
-200.0,-150.0,0.0,0.0,0.0,0.0,0.0,0.0,0.0,0.0,0.0,0.0,0.0,10315436.24161074,20630872.48322148,30946308.72483222,41261744.96644296,51577181.20805369,41261744.96644296,30946308.72483222,20630872.48322148,10315436.24161074,0.0,5869127.516778523,11738255.033557046,17607382.55033557,23476510.067114092,29345637.583892617,29167785.234899327,28989932.885906037,28812080.536912747,28634228.187919457,28456375.838926174,345033557.0469799,661610738.2550336,978187919.4630873,1294765100.6711411,1611342281.8791947
-150.0,-100.0,0.0,0.0,0.0,0.0,0.0,0.0,2312080.536912752,4624161.073825503,6936241.610738254,9248322.147651006,11560402.684563758,347345637.5838926,683130872.4832214,1018916107.3825502,1354701342.281879,1690486577.1812081,1683016778.52349,1675546979.8657718,1668077181.2080536,1660607382.5503354,1653137583.8926175,1646379194.6308725,1639620805.3691275,1632862416.1073825,1626104026.8456376,1619345637.5838926,1617033557.04698,1614721476.5100672,1612409395.9731545,1610097315.4362419,1607785234.8993287,1286228187.919463,964671140.9395971,643114093.9597313,321557046.9798656,0.0
-100.0,-90.0,0.0,0.0,0.0,0.0,0.0,0.0,368332214.76510066,736664429.5302013,1104996644.295302,1473328859.0604026,1841661073.8255033,1473506711.409396,1105352348.9932885,737197986.5771811,369043624.16107374,889261.744966443,21875838.926174495,42862416.10738255,63848993.2885906,84835570.46979865,105822147.65100671,105644295.30201343,105466442.95302014,105288590.60402685,105110738.25503357,104932885.90604027,104755033.55704698,104577181.2080537,104399328.8590604,104221476.51006712,104043624.16107382,103687919.46308725,103332214.76510067,102976510.0671141,102620805.36912753,102265100.67114094
-90.0,-80.0,0.0,0.0,0.0,0.0,0.0,0.0,0.0,0.0,0.0,0.0,0.0,0.0,0.0,0.0,0.0,0.0,0.0,0.0,0.0,0.0,0.0,0.0,0.0,0.0,0.0,0.0,0.0,0.0,0.0,0.0,0.0,0.0,0.0,0.0,0.0,0.0
-80.0,-70.0,0.0,0.0,0.0,0.0,0.0,0.0,13516778.523489932,27033557.046979863,40550335.5704698,54067114.09395973,67583892.61744966,54067114.09395973,40550335.5704698,27033557.046979867,13516778.523489935,0.0,0.0,0.0,0.0,0.0,0.0,0.0,0.0,0.0,0.0,0.0,0.0,0.0,0.0,0.0,0.0,0.0,0.0,0.0,0.0,0.0
-70.0,-60.0,0.0,0.0,0.0,0.0,0.0,0.0,55312080.536912754,110624161.07382551,165936241.61073828,221248322.14765102,276560402.68456376,221248322.14765102,165936241.61073828,110624161.07382552,55312080.53691277,0.0,0.0,0.0,0.0,0.0,0.0,0.0,0.0,0.0,0.0,0.0,0.0,0.0,0.0,0.0,0.0,0.0,0.0,0.0,0.0,0.0
-60.0,-50.0,0.0,0.0,0.0,0.0,0.0,0.0,177852.348993289,355704.697986577,533557.046979866,711409.395973154,889261.744966443,711409.395973154,533557.046979866,355704.697986577,177852.348993289,0.0,0.0,0.0,0.0,0.0,0.0,0.0,0.0,0.0,0.0,0.0,0.0,0.0,0.0,0.0,0.0,0.0,0.0,0.0,0.0,0.0
-50.0,-40.0,0.0,0.0,0.0,0.0,0.0,0.0,20986577.18120805,41973154.3624161,62959731.543624155,83946308.7248322,104932885.90604027,83946308.7248322,62959731.543624155,41973154.3624161,20986577.18120805,0.0,0.0,0.0,0.0,0.0,0.0,0.0,0.0,0.0,0.0,0.0,0.0,0.0,0.0,0.0,0.0,12271812.080536911,24543624.161073823,36815436.241610736,49087248.322147645,61359060.402684554
-40.0,-30.0,0.0,0.0,0.0,0.0,0.0,0.0,0.0,0.0,0.0,0.0,0.0,0.0,0.0,0.0,0.0,0.0,12627516.778523492,25255033.557046983,37882550.33557048,50510067.11409397,63137583.89261746,62959731.54362417,62781879.19463088,62604026.8456376,62426174.49664431,62248322.14765101,62248322.14765101,62248322.14765101,62248322.14765101,62248322.14765101,62248322.14765101,49798657.718120806,37348993.2885906,24899328.8590604,12449664.429530198,0.0
-30.0,-20.0,0.0,0.0,0.0,0.0,0.0,0.0,0.0,0.0,0.0,0.0,0.0,20275167.7852349,40550335.5704698,60825503.355704695,81100671.1409396,101375838.92617449,81100671.1409396,60825503.355704695,40550335.5704698,20275167.7852349,0.0,0.0,0.0,0.0,0.0,0.0,0.0,0.0,0.0,0.0,0.0,0.0,0.0,0.0,0.0,0.0
-20.0,-10.0,0.0,0.0,0.0,0.0,0.0,0.0,0.0,0.0,0.0,0.0,0.0,2312080.536912752,4624161.073825503,6936241.610738254,9248322.147651006,11560402.684563758,9248322.147651006,6936241.610738254,4624161.073825503,2312080.536912752,0.0,0.0,0.0,0.0,0.0,0.0,0.0,0.0,0.0,0.0,0.0,0.0,0.0,0.0,0.0,0.0
-10.0,0.0,0.0,0.0,0.0,0.0,0.0,0.0,0.0,0.0,0.0,0.0,0.0,0.0,0.0,0.0,0.0,0.0,0.0,0.0,0.0,0.0,0.0,0.0,0.0,0.0,0.0,0.0,0.0,0.0,0.0,0.0,0.0,0.0,0.0,0.0,0.0,0.0
0.0,0.0,0.0,0.0,0.0,0.0,0.0,0.0,0.0,0.0,0.0,0.0,0.0,47308724.832214765,94617449.66442953,141926174.4966443,189234899.32885906,236543624.16107383,191191275.16778523,145838926.17449665,100486577.18120806,55134228.18791947,9781879.194630872,9781879.194630872,9781879.194630872,9781879.194630872,9781879.194630872,9781879.194630872,9781879.194630872,9781879.194630872,9781879.194630872,9781879.194630872,9781879.194630872,9781879.194630872,9781879.194630872,9781879.194630872,9781879.194630872,9781879.194630872
0.1,10.0,0.0,0.0,0.0,0.0,0.0,0.0,0.0,0.0,0.0,0.0,0.0,0.0,0.0,0.0,0.0,0.0,0.0,0.0,0.0,0.0,0.0,0.0,0.0,0.0,0.0,0.0,0.0,0.0,0.0,0.0,0.0,0.0,0.0,0.0,0.0,0.0
10.0,20.0,0.0,0.0,0.0,0.0,0.0,0.0,0.0,0.0,0.0,0.0,0.0,0.0,0.0,0.0,0.0,0.0,0.0,0.0,0.0,0.0,0.0,0.0,0.0,0.0,0.0,0.0,0.0,0.0,0.0,0.0,0.0,0.0,0.0,0.0,0.0,0.0
20.0,30.0,0.0,0.0,0.0,0.0,0.0,0.0,0.0,0.0,0.0,0.0,0.0,0.0,0.0,0.0,0.0,0.0,0.0,0.0,0.0,0.0,0.0,0.0,0.0,0.0,0.0,0.0,0.0,0.0,0.0,0.0,0.0,0.0,0.0,0.0,0.0,0.0
30.0,40.0,0.0,0.0,0.0,0.0,0.0,0.0,0.0,0.0,0.0,0.0,0.0,0.0,0.0,0.0,0.0,0.0,0.0,0.0,0.0,0.0,0.0,0.0,0.0,0.0,0.0,0.0,0.0,0.0,0.0,0.0,0.0,0.0,0.0,0.0,0.0,0.0
40.0,50.0,0.0,0.0,0.0,0.0,0.0,0.0,0.0,0.0,0.0,0.0,0.0,0.0,0.0,0.0,0.0,0.0,0.0,0.0,0.0,0.0,0.0,0.0,0.0,0.0,0.0,0.0,0.0,0.0,0.0,0.0,0.0,0.0,0.0,0.0,0.0,0.0
50.0,60.0,0.0,0.0,0.0,0.0,0.0,0.0,0.0,0.0,0.0,0.0,0.0,0.0,0.0,0.0,0.0,0.0,0.0,0.0,0.0,0.0,0.0,0.0,0.0,0.0,0.0,0.0,0.0,0.0,0.0,0.0,0.0,0.0,0.0,0.0,0.0,0.0
60.0,70.0,0.0,0.0,0.0,0.0,0.0,0.0,0.0,0.0,0.0,0.0,0.0,0.0,0.0,0.0,0.0,0.0,0.0,0.0,0.0,0.0,0.0,0.0,0.0,0.0,0.0,0.0,0.0,0.0,0.0,0.0,0.0,0.0,0.0,0.0,0.0,0.0
70.0,80.0,0.0,0.0,0.0,0.0,0.0,0.0,0.0,0.0,0.0,0.0,0.0,0.0,0.0,0.0,0.0,0.0,0.0,0.0,0.0,0.0,0.0,0.0,0.0,0.0,0.0,0.0,0.0,0.0,0.0,0.0,0.0,0.0,0.0,0.0,0.0,0.0
80.0,90.0,0.0,0.0,0.0,0.0,0.0,0.0,0.0,0.0,0.0,0.0,0.0,0.0,0.0,0.0,0.0,0.0,0.0,0.0,0.0,0.0,0.0,0.0,0.0,0.0,0.0,0.0,0.0,0.0,0.0,0.0,0.0,0.0,0.0,0.0,0.0,0.0
90.0,100.0,0.0,0.0,0.0,0.0,0.0,0.0,0.0,0.0,0.0,0.0,0.0,0.0,0.0,0.0,0.0,0.0,0.0,0.0,0.0,0.0,0.0,0.0,0.0,0.0,0.0,0.0,0.0,0.0,0.0,0.0,0.0,0.0,0.0,0.0,0.0,0.0
100.0,150.0,0.0,0.0,0.0,0.0,0.0,0.0,0.0,0.0,0.0,0.0,0.0,0.0,0.0,0.0,0.0,0.0,0.0,0.0,0.0,0.0,0.0,0.0,0.0,0.0,0.0,0.0,0.0,0.0,0.0,0.0,0.0,0.0,0.0,0.0,0.0,0.0
150.0,200.0,0.0,0.0,0.0,0.0,0.0,0.0,0.0,0.0,0.0,0.0,0.0,0.0,0.0,0.0,0.0,0.0,0.0,0.0,0.0,0.0,0.0,0.0,0.0,0.0,0.0,0.0,0.0,0.0,0.0,0.0,0.0,0.0,0.0,0.0,0.0,0.0
200.0,250.0,0.0,0.0,0.0,0.0,0.0,0.0,0.0,0.0,0.0,0.0,0.0,0.0,0.0,0.0,0.0,0.0,0.0,0.0,0.0,0.0,0.0,0.0,0.0,0.0,0.0,0.0,0.0,0.0,0.0,0.0,0.0,0.0,0.0,0.0,0.0,0.0
250.0,300.0,0.0,0.0,0.0,0.0,0.0,0.0,0.0,0.0,0.0,0.0,0.0,0.0,0.0,0.0,0.0,0.0,24010067.11409396,48020134.22818792,72030201.34228188,96040268.45637584,120050335.5704698,119338926.17449665,118627516.7785235,117916107.38255036,117204697.98657721,116493288.59060404,93194630.87248321,69895973.15436241,46597315.436241604,23298657.7181208,0.0,0.0,0.0,0.0,0.0,0.0
300.0,350.0,0.0,0.0,0.0,0.0,0.0,0.0,0.0,0.0,0.0,0.0,0.0,0.0,0.0,0.0,0.0,0.0,8536912.751677852,17073825.503355704,25610738.255033556,34147651.00671141,42684563.758389264,42328859.06040268,41973154.3624161,41617449.66442952,41261744.96644294,40906040.26845637,54956375.83892617,69006711.40939596,83057046.97986576,97107382.55033556,111157718.12080535,88926174.49664429,66694630.872483216,44463087.248322144,22231543.624161072,0.0
350.0,400.0,0.0,0.0,0.0,0.0,0.0,0.0,0.0,0.0,0.0,0.0,0.0,9959731.54362416,19919463.08724832,29879194.63087248,39838926.17449664,49798657.718120806,39838926.17449664,29879194.63087248,19919463.087248314,9959731.543624157,0.0,0.0,0.0,0.0,0.0,0.0,7825503.355704698,15651006.711409396,23476510.067114092,31302013.42281879,39127516.77852349,60114093.95973154,81100671.1409396,102087248.32214764,123073825.50335568,144060402.68456376
400.0,450.0,0.0,0.0,0.0,0.0,0.0,0.0,9959731.54362416,19919463.08724832,29879194.63087248,39838926.17449664,49798657.718120806,63493288.59060403,77187919.46308726,90882550.33557048,104577181.20805371,118271812.08053692,94617449.66442953,70963087.24832214,47308724.83221476,23654362.416107375,0.0,0.0,0.0,0.0,0.0,0.0,0.0,0.0,0.0,0.0,0.0,0.0,0.0,0.0,0.0,0.0
450.0,500.0,0.0,0.0,0.0,0.0,0.0,0.0,0.0,0.0,0.0,0.0,0.0,1244966.44295302,2489932.88590604,3734899.32885906,4979865.77181208,6224832.214765101,4979865.77181208,3734899.32885906,2489932.88590604,1244966.44295302,0.0,0.0,0.0,0.0,0.0,0.0,0.0,0.0,0.0,0.0,0.0,0.0,0.0,0.0,0.0,0.0
500.0,550.0,0.0,0.0,0.0,0.0,0.0,0.0,0.0,0.0,0.0,0.0,0.0,355704.697986577,711409.395973154,1067114.093959732,1422818.791946309,1778523.489932886,2845637.583892618,3912751.677852349,4979865.77181208,6046979.865771811,7114093.959731543,6758389.261744967,6402684.56375839,6046979.865771813,5691275.167785237,5335570.469798658,5335570.469798658,5335570.469798658,5335570.469798658,5335570.469798658,5335570.469798658,5335570.469798658,5335570.469798658,5335570.469798658,5335570.469798658,5335570.469798658
550.0,600.0,0.0,0.0,0.0,0.0,0.0,0.0,1422818.791946309,2845637.583892618,4268456.375838926,5691275.167785235,7114093.959731543,5691275.167785235,4268456.375838926,2845637.583892618,1422818.791946309,0.0,355704.697986577,711409.395973154,1067114.093959732,1422818.791946309,1778523.489932886,1600671.140939597,1422818.791946309,1244966.44295302,1067114.093959732,889261.744966443,711409.395973154,533557.046979866,355704.697986577,177852.348993289,0.0,0.0,0.0,0.0,0.0,0.0
600.0,650.0,0.0,0.0,0.0,0.0,0.0,0.0,37882550.33557047,75765100.67114094,113647651.00671141,151530201.34228188,189412751.67785236,151530201.34228188,113647651.00671141,75765100.67114094,37882550.33557047,0.0,0.0,0.0,0.0,0.0,0.0,355704.697986577,711409.395973154,1067114.093959732,1422818.791946309,1778523.489932886,1600671.140939597,1422818.791946309,1244966.44295302,1067114.093959732,889261.744966443,711409.395973154,533557.046979866,355704.697986577,177852.348993289,0.0
650.0,700.0,0.0,0.0,0.0,0.0,0.0,0.0,0.0,0.0,0.0,0.0,0.0,3379194.630872483,6758389.261744966,10137583.89261745,13516778.523489932,16895973.154362414,13516778.523489932,10137583.89261745,6758389.261744967,3379194.630872484,0.0,0.0,0.0,0.0,0.0,0.0,0.0,0.0,0.0,0.0,0.0,177852.348993289,355704.697986577,533557.046979866,711409.395973154,889261.744966443
700.0,750.0,0.0,0.0,0.0,0.0,0.0,0.0,30946308.724832214,61892617.44966443,92838926.17449665,123785234.89932886,154731543.62416106,123785234.89932886,92838926.17449665,61892617.44966444,30946308.72483222,0.0,0.0,0.0,0.0,0.0,0.0,0.0,0.0,0.0,0.0,0.0,355704.697986577,711409.395973154,1067114.093959732,1422818.791946309,1778523.489932886,1422818.791946309,1067114.093959732,711409.395973154,355704.697986577,0.0
750.0,800.0,0.0,0.0,0.0,0.0,0.0,0.0,99419463.08724833,198838926.17449665,298258389.261745,397677852.3489933,497097315.4362416,419909395.97315437,342721476.51006716,265533557.04697984,188345637.58389258,111157718.12080538,92483221.47651008,73808724.83221477,55134228.18791947,36459731.54362416,17785234.89932886,14228187.919463089,10671140.939597316,7114093.959731543,3557046.979865772,0.0,0.0,0.0,0.0,0.0,0.0,355704.697986577,711409.395973154,1067114.093959732,1422818.791946309,1778523.489932886
800.0,850.0,0.0,0.0,0.0,0.0,0.0,0.0,0.0,0.0,0.0,0.0,0.0,0.0,0.0,0.0,0.0,0.0,20097315.436241608,40194630.872483216,60291946.30872482,80389261.74496643,100486577.18120804,102620805.3691275,104755033.55704698,106889261.74496645,109023489.93288592,111157718.12080535,88926174.49664429,66694630.872483216,44463087.248322144,22231543.624161072,0.0,0.0,0.0,0.0,0.0,0.0
850.0,900.0,0.0,0.0,0.0,0.0,0.0,0.0,0.0,0.0,0.0,0.0,0.0,7469798.65771812,14939597.31543624,22409395.97315436,29879194.63087248,37348993.2885906,29879194.63087248,22409395.97315436,14939597.315436238,7469798.657718118,0.0,533557.046979866,1067114.093959732,1600671.140939597,2134228.187919463,2667785.234899329,23298657.718120802,43929530.201342285,64560402.68456376,85191275.16778524,105822147.65100671,84657718.12080535,63493288.59060402,42328859.06040268,21164429.530201335,0.0
900.0,950.0,0.0,0.0,0.0,0.0,0.0,0.0,0.0,0.0,0.0,0.0,0.0,4979865.77181208,9959731.54362416,14939597.31543624,19919463.08724832,24899328.859060403,19919463.08724832,14939597.31543624,9959731.543624157,4979865.771812079,0.0,0.0,0.0,0.0,0.0,0.0,533557.046979866,1067114.093959732,1600671.140939597,2134228.187919463,2667785.234899329,22587248.322147653,42506711.40939598,62426174.4966443,82345637.58389263,102265100.67114094
950.0,1000.0,0.0,0.0,0.0,0.0,0.0,0.0,0.0,0.0,0.0,0.0,0.0,0.0,0.0,0.0,0.0,0.0,0.0,0.0,0.0,0.0,0.0,0.0,0.0,0.0,0.0,0.0,0.0,0.0,0.0,0.0,0.0,533557.046979866,1067114.093959732,1600671.140939597,2134228.187919463,2667785.234899329
1000.0,1050.0,0.0,0.0,0.0,0.0,0.0,0.0,0.0,0.0,0.0,0.0,0.0,0.0,0.0,0.0,0.0,0.0,177852.348993289,355704.697986577,533557.046979866,711409.395973154,889261.744966443,711409.395973154,533557.046979866,355704.697986577,177852.348993289,0.0,0.0,0.0,0.0,0.0,0.0,0.0,0.0,0.0,0.0,0.0
1050.0,1100.0,0.0,0.0,0.0,0.0,0.0,0.0,0.0,0.0,0.0,0.0,0.0,74164429.53020135,148328859.0604027,222493288.59060404,296657718.1208054,370822147.6510067,303060402.68456376,235298657.7181208,167536912.75167787,99775167.78523491,32013422.81879195,25788590.604026847,19563758.389261745,13338926.174496643,7114093.959731543,889261.744966443,711409.395973154,533557.046979866,355704.697986577,177852.348993289,0.0,0.0,0.0,0.0,0.0,0.0
1100.0,1150.0,0.0,0.0,0.0,0.0,0.0,0.0,0.0,0.0,0.0,0.0,0.0,0.0,0.0,0.0,0.0,0.0,0.0,0.0,0.0,0.0,0.0,6224832.214765101,12449664.429530201,18674496.6442953,24899328.859060403,31124161.073825505,24899328.859060403,18674496.6442953,12449664.4295302,6224832.214765099,0.0,0.0,0.0,0.0,0.0,0.0
1150.0,1200.0,0.0,0.0,0.0,0.0,0.0,0.0,0.0,0.0,0.0,0.0,0.0,0.0,0.0,0.0,0.0,0.0,3912751.677852349,7825503.355704698,11738255.033557046,15651006.711409396,19563758.389261745,15651006.711409396,11738255.033557046,7825503.355704697,3912751.677852348,0.0,0.0,0.0,0.0,0.0,0.0,0.0,0.0,0.0,0.0,0.0
1200.0,1250.0,0.0,0.0,0.0,0.0,0.0,0.0,0.0,0.0,0.0,0.0,0.0,0.0,0.0,0.0,0.0,0.0,0.0,0.0,0.0,0.0,0.0,0.0,0.0,0.0,0.0,0.0,5869127.516778523,11738255.033557046,17607382.55033557,23476510.067114092,29345637.583892617,23476510.067114092,17607382.55033557,11738255.033557048,5869127.516778525,0.0
1250.0,1300.0,0.0,0.0,0.0,0.0,0.0,0.0,0.0,0.0,0.0,0.0,0.0,0.0,0.0,0.0,0.0,0.0,0.0,0.0,0.0,0.0,0.0,3912751.677852349,7825503.355704698,11738255.033557046,15651006.711409396,19563758.389261745,15651006.711409396,11738255.033557046,7825503.355704697,3912751.677852348,0.0,5691275.167785235,11382550.33557047,17073825.503355704,22765100.67114094,28456375.838926174
1300.0,1350.0,0.0,0.0,0.0,0.0,0.0,0.0,0.0,0.0,0.0,0.0,0.0,0.0,0.0,0.0,0.0,0.0,0.0,0.0,0.0,0.0,0.0,0.0,0.0,0.0,0.0,0.0,3734899.32885906,7469798.65771812,11204697.98657718,14939597.31543624,18674496.6442953,14939597.31543624,11204697.98657718,7469798.657718119,3734899.328859059,0.0
1350.0,1400.0,0.0,0.0,0.0,0.0,0.0,0.0,0.0,0.0,0.0,0.0,0.0,0.0,0.0,0.0,0.0,0.0,0.0,0.0,0.0,0.0,0.0,0.0,0.0,0.0,0.0,0.0,0.0,0.0,0.0,0.0,0.0,0.0,0.0,0.0,0.0,0.0
1400.0,1450.0,0.0,0.0,0.0,0.0,0.0,0.0,0.0,0.0,0.0,0.0,0.0,0.0,0.0,0.0,0.0,0.0,56023489.93288591,112046979.86577182,168070469.79865772,224093959.73154363,280117449.66442955,224093959.73154363,168070469.79865772,112046979.86577182,56023489.93288589,0.0,0.0,0.0,0.0,0.0,0.0,3734899.32885906,7469798.65771812,11204697.98657718,14939597.31543624,18674496.6442953
1450.0,1500.0,0.0,0.0,0.0,0.0,0.0,0.0,0.0,0.0,0.0,0.0,0.0,0.0,0.0,0.0,0.0,0.0,0.0,0.0,0.0,0.0,0.0,0.0,0.0,0.0,0.0,0.0,0.0,0.0,0.0,0.0,0.0,0.0,0.0,0.0,0.0,0.0
1500.0,1550.0,0.0,0.0,0.0,0.0,0.0,0.0,0.0,0.0,0.0,0.0,0.0,0.0,0.0,0.0,0.0,0.0,0.0,0.0,0.0,0.0,0.0,55845637.583892606,111691275.16778521,167536912.7516778,223382550.33557042,279228187.91946304,223382550.33557042,167536912.7516778,111691275.1677852,55845637.58389259,0.0,0.0,0.0,0.0,0.0,0.0
1550.0,1600.0,0.0,0.0,0.0,0.0,0.0,0.0,0.0,0.0,0.0,0.0,0.0,0.0,0.0,0.0,0.0,0.0,0.0,0.0,0.0,0.0,0.0,0.0,0.0,0.0,0.0,0.0,55489932.88590604,110979865.77181208,166469798.65771812,221959731.54362416,277449664.4295302,276738255.03355706,276026845.6375839,275315436.24161077,274604026.8456376,273892617.4496645
