Unit: BTU,2024.0,2025.0,2026.0,2027.0,2028.0,2029.0,2030.0,2031.0,2032.0,2033.0,2034.0,2035.0,2036.0,2037.0,2038.0,2039.0,2040.0,2041.0,2042.0,2043.0,2044.0,2045.0,2046.0,2047.0,2048.0,2049.0,2050.0
agriculture and forestry 01T03,85540300000.0,81059300000.0,81070100000.0,82431500000.0,84081900000.0,85272800000.0,86211300000.0,87274900000.0,90349300000.0,90189600000.0,90985700000.0,91861600000.0,92694400000.0,94180900000.0,95686800000.0,97009300000.0,97988800000.0,98459100000.0,99091200000.0,99719000000.0,100470000000.0,101374000000.0,102334000000.0,103296000000.0,104271000000.0,105244000000.0,106232000000.0
coal mining 05,190057000000.0,198462000000.0,196127000000.0,188344000000.0,175425000000.0,171845000000.0,174024000000.0,157369000000.0,154567000000.0,151142000000.0,145850000000.0,143671000000.0,142426000000.0,140713000000.0,138067000000.0,136044000000.0,131685000000.0,128884000000.0,126393000000.0,124058000000.0,122346000000.0,119856000000.0,118610000000.0,118455000000.0,117676000000.0,115186000000.0,110672000000.0
oil and gas extraction 06,161153000000000.0,160675000000000.0,166667000000000.0,166799000000000.0,167962000000000.0,168946000000000.0,170918000000000.0,172717000000000.0,174229000000000.0,175436000000000.0,176829000000000.0,177405000000000.0,178034000000000.0,178720000000000.0,179338000000000.0,180070000000000.0,181268000000000.0,182650000000000.0,183535000000000.0,184469000000000.0,185109000000000.0,185633000000000.0,186173000000000.0,186852000000000.0,187271000000000.0,187527000000000.0,187646000000000.0
other mining and quarrying 07T08,0.0,0.0,0.0,0.0,0.0,0.0,0.0,0.0,0.0,0.0,0.0,0.0,0.0,0.0,0.0,0.0,0.0,0.0,0.0,0.0,0.0,0.0,0.0,0.0,0.0,0.0,0.0
food beverage and tobacco 10T12,241299000000.0,235990000000.0,232772000000.0,233735000000.0,234353000000.0,234038000000.0,232418000000.0,231368000000.0,230720000000.0,228282000000.0,226243000000.0,223305000000.0,220290000000.0,217086000000.0,214252000000.0,211556000000.0,209516000000.0,207928000000.0,207627000000.0,207544000000.0,207548000000.0,207259000000.0,206412000000.0,205546000000.0,204739000000.0,204042000000.0,203411000000.0
textiles apparel and leather 13T15,1065290000.0,1065290000.0,1065290000.0,1065290000.0,1065290000.0,1065290000.0,1065290000.0,1065290000.0,1065290000.0,1065290000.0,1065290000.0,1065290000.0,1065290000.0,1065290000.0,1065290000.0,1065290000.0,1065290000.0,1065290000.0,1065290000.0,1065290000.0,1065290000.0,1065290000.0,1065290000.0,1065290000.0,1065290000.0,1065290000.0,1065290000.0
wood products 16,32178200000.0,31649400000.0,31367000000.0,31492400000.0,31537700000.0,31765200000.0,31744900000.0,31504600000.0,31528000000.0,31652400000.0,31732200000.0,31633100000.0,31497500000.0,31327900000.0,31126200000.0,30950500000.0,30781800000.0,30705100000.0,30686800000.0,30643700000.0,30599500000.0,30674100000.0,30730500000.0,30764600000.0,30791500000.0,30803700000.0,30824000000.0
pulp paper and printing 17T18,771927000000.0,735765000000.0,735916000000.0,757255000000.0,758909000000.0,759108000000.0,752986000000.0,746709000000.0,740794000000.0,733934000000.0,726968000000.0,720112000000.0,713295000000.0,704583000000.0,699340000000.0,695389000000.0,692949000000.0,689244000000.0,686177000000.0,683672000000.0,681495000000.0,679589000000.0,674948000000.0,670542000000.0,664943000000.0,659911000000.0,654409000000.0
refined petroleum and coke 19,1470580000000.0,1470580000000.0,1470580000000.0,1470580000000.0,1470580000000.0,1470580000000.0,1470580000000.0,1470580000000.0,1470580000000.0,1470580000000.0,1470580000000.0,1470580000000.0,1470580000000.0,1470580000000.0,1470580000000.0,1470580000000.0,1470580000000.0,1470580000000.0,1470580000000.0,1470580000000.0,1470580000000.0,1470580000000.0,1470580000000.0,1470580000000.0,1470580000000.0,1470580000000.0,1470580000000.0
chemicals 20,31469900000000.0,31892800000000.0,30976900000000.0,30594700000000.0,30638900000000.0,30329400000000.0,30388600000000.0,30633400000000.0,30805800000000.0,30945800000000.0,31163700000000.0,31333000000000.0,31500900000000.0,31539700000000.0,31646300000000.0,31939800000000.0,32253900000000.0,32649500000000.0,33228200000000.0,33798900000000.0,34413900000000.0,35065300000000.0,35685800000000.0,36326500000000.0,36914800000000.0,37415000000000.0,38040400000000.0
rubber and plastic products 22,14145900000.0,13603400000.0,13469400000.0,13701500000.0,13796400000.0,13822900000.0,13808700000.0,13848400000.0,13927900000.0,13826700000.0,13821900000.0,13787200000.0,13767100000.0,13762300000.0,13759600000.0,13739300000.0,13776700000.0,13853700000.0,14050600000.0,14255900000.0,14470600000.0,14678200000.0,14811000000.0,14924500000.0,15009200000.0,15150100000.0,15308100000.0
glass and glass products 231,47353700000.0,46205800000.0,45692500000.0,44958400000.0,44074100000.0,43203900000.0,42374200000.0,41590500000.0,40905500000.0,40311500000.0,39816200000.0,39365100000.0,38902300000.0,38444800000.0,37998700000.0,37600700000.0,37223100000.0,36882800000.0,36568700000.0,36300500000.0,36052200000.0,35819200000.0,35607900000.0,35413200000.0,35237000000.0,35051300000.0,34883600000.0
cement and other nonmetallic minerals 239,2530560000000.0,2541820000000.0,2483310000000.0,2557470000000.0,2668330000000.0,2778730000000.0,2873370000000.0,3007210000000.0,3127250000000.0,3241510000000.0,3351890000000.0,3458800000000.0,3560060000000.0,3661290000000.0,3760160000000.0,3859640000000.0,3927210000000.0,3992860000000.0,4045900000000.0,4041530000000.0,4031650000000.0,4058830000000.0,4093800000000.0,4133730000000.0,4177860000000.0,4223970000000.0,4273470000000.0
iron and steel 241,3226990000000.0,3314790000000.0,3350000000000.0,3433430000000.0,3378590000000.0,3363700000000.0,3383600000000.0,3388220000000.0,3410140000000.0,3424220000000.0,3408970000000.0,3409540000000.0,3393040000000.0,3385110000000.0,3369480000000.0,3351010000000.0,3350640000000.0,3356680000000.0,3364710000000.0,3367130000000.0,3370460000000.0,3392380000000.0,3402890000000.0,3423050000000.0,3437130000000.0,3436090000000.0,3447680000000.0
other metals 242,3930000000000.0,3851600000000.0,3838800000000.0,3876100000000.0,3910270000000.0,3932490000000.0,3948180000000.0,3967630000000.0,3995740000000.0,4024470000000.0,4060750000000.0,4104380000000.0,4147770000000.0,4189360000000.0,4231770000000.0,4271340000000.0,4314360000000.0,4360320000000.0,4409200000000.0,4458210000000.0,4505500000000.0,4549260000000.0,4588030000000.0,4623330000000.0,4654700000000.0,4682850000000.0,4709880000000.0
metal products except machinery and vehicles 25,58121900000.0,56962200000.0,58255100000.0,58863400000.0,58110300000.0,57572700000.0,57283800000.0,57026500000.0,57455200000.0,57452700000.0,57847100000.0,58155400000.0,58329400000.0,58533800000.0,58875800000.0,59020400000.0,59352500000.0,59709300000.0,60270400000.0,60887300000.0,61746500000.0,62563600000.0,63235800000.0,63585300000.0,63770900000.0,64390800000.0,64985500000.0
computers and electronics 26,361735000.0,349104000.0,355654000.0,360672000.0,361018000.0,361908000.0,358991000.0,355704000.0,359065000.0,356272000.0,359189000.0,360252000.0,361166000.0,362427000.0,364206000.0,366604000.0,369768000.0,373821000.0,381607000.0,390332000.0,399972000.0,409092000.0,417150000.0,424318000.0,431338000.0,438901000.0,446045000.0
appliances and electrical equipment 27,621873000000.0,598914000000.0,595172000000.0,589573000000.0,578910000000.0,574183000000.0,580204000000.0,584453000000.0,591627000000.0,590361000000.0,590052000000.0,591655000000.0,592106000000.0,592049000000.0,591318000000.0,590840000000.0,591627000000.0,592499000000.0,595032000000.0,597451000000.0,599983000000.0,602825000000.0,606286000000.0,609521000000.0,612110000000.0,614332000000.0,615880000000.0
other machinery 28,1716130000.0,1607560000.0,1581690000.0,1614760000.0,1639440000.0,1664240000.0,1681540000.0,1708300000.0,1737460000.0,1735000000.0,1746420000.0,1764290000.0,1777730000.0,1785490000.0,1787510000.0,1786690000.0,1792940000.0,1799760000.0,1808970000.0,1816110000.0,1823370000.0,1832770000.0,1843940000.0,1856060000.0,1863820000.0,1869190000.0,1872220000.0
road vehicles 29,8644510000.0,8644510000.0,8644510000.0,8644510000.0,8644510000.0,8644510000.0,8644510000.0,8644510000.0,8644510000.0,8644510000.0,8644510000.0,8644510000.0,8644510000.0,8644510000.0,8644510000.0,8644510000.0,8644510000.0,8644510000.0,8644510000.0,8644510000.0,8644510000.0,8644510000.0,8644510000.0,8644510000.0,8644510000.0,8644510000.0,8644510000.0
nonroad vehicles 30,430809000000.0,430809000000.0,430809000000.0,430809000000.0,430809000000.0,430809000000.0,430809000000.0,430809000000.0,430809000000.0,430809000000.0,430809000000.0,430809000000.0,430809000000.0,430809000000.0,430809000000.0,430809000000.0,430809000000.0,430809000000.0,430809000000.0,430809000000.0,430809000000.0,430809000000.0,430809000000.0,430809000000.0,430809000000.0,430809000000.0,430809000000.0
other manufacturing 31T33,1757940000.0,1675090000.0,1663650000.0,1667680000.0,1650380000.0,1635890000.0,1629330000.0,1623170000.0,1615200000.0,1592040000.0,1572910000.0,1552790000.0,1530790000.0,1510560000.0,1493350000.0,1474190000.0,1463220000.0,1456320000.0,1456350000.0,1457660000.0,1460560000.0,1464180000.0,1461930000.0,1458370000.0,1451660000.0,1451170000.0,1447370000.0
energy pipelines and gas processing 352T353,34857000000000.0,34857000000000.0,33433200000000.0,35715400000000.0,36725400000000.0,38229800000000.0,42703600000000.0,44924200000000.0,46857600000000.0,48200000000000.0,50417200000000.0,52156100000000.0,53855400000000.0,55158100000000.0,56359700000000.0,57643100000000.0,58679100000000.0,59703000000000.0,60750100000000.0,61822900000000.0,62837900000000.0,63552000000000.0,64365800000000.0,65177300000000.0,65762400000000.0,65775400000000.0,65920100000000.0
water and waste 36T39,1090000000000.0,1095130000000.0,1100250000000.0,1105380000000.0,1110500000000.0,1115630000000.0,1120750000000.0,1124790000000.0,1128820000000.0,1132860000000.0,1136900000000.0,1140930000000.0,1144970000000.0,1149000000000.0,1153040000000.0,1157070000000.0,1161110000000.0,1164140000000.0,1167180000000.0,1170210000000.0,1173250000000.0,1176280000000.0,1179320000000.0,1182350000000.0,1185390000000.0,1188420000000.0,1191460000000.0
construction 41T43,309744000000.0,303887000000.0,301816000000.0,303144000000.0,304456000000.0,307906000000.0,311478000000.0,314831000000.0,318164000000.0,319485000000.0,319693000000.0,320457000000.0,320770000000.0,320307000000.0,319504000000.0,318455000000.0,316897000000.0,315122000000.0,314503000000.0,313767000000.0,313447000000.0,314310000000.0,315287000000.0,316087000000.0,316940000000.0,318133000000.0,319738000000.0
